defect_types,latitude,angle,efficiency
Clean,8,0,96.0
Clean,8,1,96.5
Clean,8,2,97.0
Clean,8,3,97.5
Clean,8,4,98.0
Clean,8,5,98.5
Clean,8,6,99.0
Clean,8,7,99.5
Clean,8,8,100.0
Clean,8,9,99.5
Clean,8,10,99.0
Clean,8,11,98.5
Clean,8,12,98.0
Clean,8,13,97.5
Clean,8,14,97.0
Clean,8,15,96.5
Clean,8,16,96.0
Clean,8,17,95.5
Clean,8,18,95.0
Clean,8,19,94.5
Clean,8,20,94.0
Clean,8,21,93.5
Clean,8,22,93.0
Clean,8,23,92.5
Clean,8,24,92.0
Clean,8,25,91.5
Clean,8,26,91.0
Clean,8,27,90.5
Clean,8,28,90.0
Clean,8,29,89.5
Clean,8,30,89.0
Clean,8,31,88.5
Clean,8,32,88.0
Clean,8,33,87.5
Clean,8,34,87.0
Clean,8,35,86.5
Clean,8,36,86.0
Clean,8,37,85.5
Clean,8,38,85.0
Clean,8,39,84.5
Clean,8,40,84.0
Clean,8,41,83.5
Clean,8,42,83.0
Clean,8,43,82.5
Clean,8,44,82.0
Clean,8,45,81.5
Clean,10,0,95.0
Clean,10,1,95.5
Clean,10,2,96.0
Clean,10,3,96.5
Clean,10,4,97.0
Clean,10,5,97.5
Clean,10,6,98.0
Clean,10,7,98.5
Clean,10,8,99.0
Clean,10,9,99.5
Clean,10,10,100.0
Clean,10,11,99.5
Clean,10,12,99.0
Clean,10,13,98.5
Clean,10,14,98.0
Clean,10,15,97.5
Clean,10,16,97.0
Clean,10,17,96.5
Clean,10,18,96.0
Clean,10,19,95.5
Clean,10,20,95.0
Clean,10,21,94.5
Clean,10,22,94.0
Clean,10,23,93.5
Clean,10,24,93.0
Clean,10,25,92.5
Clean,10,26,92.0
Clean,10,27,91.5
Clean,10,28,91.0
Clean,10,29,90.5
Clean,10,30,90.0
Clean,10,31,89.5
Clean,10,32,89.0
Clean,10,33,88.5
Clean,10,34,88.0
Clean,10,35,87.5
Clean,10,36,87.0
Clean,10,37,86.5
Clean,10,38,86.0
Clean,10,39,85.5
Clean,10,40,85.0
Clean,10,41,84.5
Clean,10,42,84.0
Clean,10,43,83.5
Clean,10,44,83.0
Clean,10,45,82.5
Clean,12,0,94.0
Clean,12,1,94.5
Clean,12,2,95.0
Clean,12,3,95.5
Clean,12,4,96.0
Clean,12,5,96.5
Clean,12,6,97.0
Clean,12,7,97.5
Clean,12,8,98.0
Clean,12,9,98.5
Clean,12,10,99.0
Clean,12,11,99.5
Clean,12,12,100.0
Clean,12,13,99.5
Clean,12,14,99.0
Clean,12,15,98.5
Clean,12,16,98.0
Clean,12,17,97.5
Clean,12,18,97.0
Clean,12,19,96.5
Clean,12,20,96.0
Clean,12,21,95.5
Clean,12,22,95.0
Clean,12,23,94.5
Clean,12,24,94.0
Clean,12,25,93.5
Clean,12,26,93.0
Clean,12,27,92.5
Clean,12,28,92.0
Clean,12,29,91.5
Clean,12,30,91.0
Clean,12,31,90.5
Clean,12,32,90.0
Clean,12,33,89.5
Clean,12,34,89.0
Clean,12,35,88.5
Clean,12,36,88.0
Clean,12,37,87.5
Clean,12,38,87.0
Clean,12,39,86.5
Clean,12,40,86.0
Clean,12,41,85.5
Clean,12,42,85.0
Clean,12,43,84.5
Clean,12,44,84.0
Clean,12,45,83.5
Clean,14,0,93.0
Clean,14,1,93.5
Clean,14,2,94.0
Clean,14,3,94.5
Clean,14,4,95.0
Clean,14,5,95.5
Clean,14,6,96.0
Clean,14,7,96.5
Clean,14,8,97.0
Clean,14,9,97.5
Clean,14,10,98.0
Clean,14,11,98.5
Clean,14,12,99.0
Clean,14,13,99.5
Clean,14,14,100.0
Clean,14,15,99.5
Clean,14,16,99.0
Clean,14,17,98.5
Clean,14,18,98.0
Clean,14,19,97.5
Clean,14,20,97.0
Clean,14,21,96.5
Clean,14,22,96.0
Clean,14,23,95.5
Clean,14,24,95.0
Clean,14,25,94.5
Clean,14,26,94.0
Clean,14,27,93.5
Clean,14,28,93.0
Clean,14,29,92.5
Clean,14,30,92.0
Clean,14,31,91.5
Clean,14,32,91.0
Clean,14,33,90.5
Clean,14,34,90.0
Clean,14,35,89.5
Clean,14,36,89.0
Clean,14,37,88.5
Clean,14,38,88.0
Clean,14,39,87.5
Clean,14,40,87.0
Clean,14,41,86.5
Clean,14,42,86.0
Clean,14,43,85.5
Clean,14,44,85.0
Clean,14,45,84.5
Clean,16,0,92.0
Clean,16,1,92.5
Clean,16,2,93.0
Clean,16,3,93.5
Clean,16,4,94.0
Clean,16,5,94.5
Clean,16,6,95.0
Clean,16,7,95.5
Clean,16,8,96.0
Clean,16,9,96.5
Clean,16,10,97.0
Clean,16,11,97.5
Clean,16,12,98.0
Clean,16,13,98.5
Clean,16,14,99.0
Clean,16,15,99.5
Clean,16,16,100.0
Clean,16,17,99.5
Clean,16,18,99.0
Clean,16,19,98.5
Clean,16,20,98.0
Clean,16,21,97.5
Clean,16,22,97.0
Clean,16,23,96.5
Clean,16,24,96.0
Clean,16,25,95.5
Clean,16,26,95.0
Clean,16,27,94.5
Clean,16,28,94.0
Clean,16,29,93.5
Clean,16,30,93.0
Clean,16,31,92.5
Clean,16,32,92.0
Clean,16,33,91.5
Clean,16,34,91.0
Clean,16,35,90.5
Clean,16,36,90.0
Clean,16,37,89.5
Clean,16,38,89.0
Clean,16,39,88.5
Clean,16,40,88.0
Clean,16,41,87.5
Clean,16,42,87.0
Clean,16,43,86.5
Clean,16,44,86.0
Clean,16,45,85.5
Clean,18,0,91.0
Clean,18,1,91.5
Clean,18,2,92.0
Clean,18,3,92.5
Clean,18,4,93.0
Clean,18,5,93.5
Clean,18,6,94.0
Clean,18,7,94.5
Clean,18,8,95.0
Clean,18,9,95.5
Clean,18,10,96.0
Clean,18,11,96.5
Clean,18,12,97.0
Clean,18,13,97.5
Clean,18,14,98.0
Clean,18,15,98.5
Clean,18,16,99.0
Clean,18,17,99.5
Clean,18,18,100.0
Clean,18,19,99.5
Clean,18,20,99.0
Clean,18,21,98.5
Clean,18,22,98.0
Clean,18,23,97.5
Clean,18,24,97.0
Clean,18,25,96.5
Clean,18,26,96.0
Clean,18,27,95.5
Clean,18,28,95.0
Clean,18,29,94.5
Clean,18,30,94.0
Clean,18,31,93.5
Clean,18,32,93.0
Clean,18,33,92.5
Clean,18,34,92.0
Clean,18,35,91.5
Clean,18,36,91.0
Clean,18,37,90.5
Clean,18,38,90.0
Clean,18,39,89.5
Clean,18,40,89.0
Clean,18,41,88.5
Clean,18,42,88.0
Clean,18,43,87.5
Clean,18,44,87.0
Clean,18,45,86.5
Clean,20,0,90.0
Clean,20,1,90.5
Clean,20,2,91.0
Clean,20,3,91.5
Clean,20,4,92.0
Clean,20,5,92.5
Clean,20,6,93.0
Clean,20,7,93.5
Clean,20,8,94.0
Clean,20,9,94.5
Clean,20,10,95.0
Clean,20,11,95.5
Clean,20,12,96.0
Clean,20,13,96.5
Clean,20,14,97.0
Clean,20,15,97.5
Clean,20,16,98.0
Clean,20,17,98.5
Clean,20,18,99.0
Clean,20,19,99.5
Clean,20,20,100.0
Clean,20,21,99.5
Clean,20,22,99.0
Clean,20,23,98.5
Clean,20,24,98.0
Clean,20,25,97.5
Clean,20,26,97.0
Clean,20,27,96.5
Clean,20,28,96.0
Clean,20,29,95.5
Clean,20,30,95.0
Clean,20,31,94.5
Clean,20,32,94.0
Clean,20,33,93.5
Clean,20,34,93.0
Clean,20,35,92.5
Clean,20,36,92.0
Clean,20,37,91.5
Clean,20,38,91.0
Clean,20,39,90.5
Clean,20,40,90.0
Clean,20,41,89.5
Clean,20,42,89.0
Clean,20,43,88.5
Clean,20,44,88.0
Clean,20,45,87.5
Clean,22,0,89.0
Clean,22,1,89.5
Clean,22,2,90.0
Clean,22,3,90.5
Clean,22,4,91.0
Clean,22,5,91.5
Clean,22,6,92.0
Clean,22,7,92.5
Clean,22,8,93.0
Clean,22,9,93.5
Clean,22,10,94.0
Clean,22,11,94.5
Clean,22,12,95.0
Clean,22,13,95.5
Clean,22,14,96.0
Clean,22,15,96.5
Clean,22,16,97.0
Clean,22,17,97.5
Clean,22,18,98.0
Clean,22,19,98.5
Clean,22,20,99.0
Clean,22,21,99.5
Clean,22,22,100.0
Clean,22,23,99.5
Clean,22,24,99.0
Clean,22,25,98.5
Clean,22,26,98.0
Clean,22,27,97.5
Clean,22,28,97.0
Clean,22,29,96.5
Clean,22,30,96.0
Clean,22,31,95.5
Clean,22,32,95.0
Clean,22,33,94.5
Clean,22,34,94.0
Clean,22,35,93.5
Clean,22,36,93.0
Clean,22,37,92.5
Clean,22,38,92.0
Clean,22,39,91.5
Clean,22,40,91.0
Clean,22,41,90.5
Clean,22,42,90.0
Clean,22,43,89.5
Clean,22,44,89.0
Clean,22,45,88.5
Clean,24,0,88.0
Clean,24,1,88.5
Clean,24,2,89.0
Clean,24,3,89.5
Clean,24,4,90.0
Clean,24,5,90.5
Clean,24,6,91.0
Clean,24,7,91.5
Clean,24,8,92.0
Clean,24,9,92.5
Clean,24,10,93.0
Clean,24,11,93.5
Clean,24,12,94.0
Clean,24,13,94.5
Clean,24,14,95.0
Clean,24,15,95.5
Clean,24,16,96.0
Clean,24,17,96.5
Clean,24,18,97.0
Clean,24,19,97.5
Clean,24,20,98.0
Clean,24,21,98.5
Clean,24,22,99.0
Clean,24,23,99.5
Clean,24,24,100.0
Clean,24,25,99.5
Clean,24,26,99.0
Clean,24,27,98.5
Clean,24,28,98.0
Clean,24,29,97.5
Clean,24,30,97.0
Clean,24,31,96.5
Clean,24,32,96.0
Clean,24,33,95.5
Clean,24,34,95.0
Clean,24,35,94.5
Clean,24,36,94.0
Clean,24,37,93.5
Clean,24,38,93.0
Clean,24,39,92.5
Clean,24,40,92.0
Clean,24,41,91.5
Clean,24,42,91.0
Clean,24,43,90.5
Clean,24,44,90.0
Clean,24,45,89.5
Clean,26,0,87.0
Clean,26,1,87.5
Clean,26,2,88.0
Clean,26,3,88.5
Clean,26,4,89.0
Clean,26,5,89.5
Clean,26,6,90.0
Clean,26,7,90.5
Clean,26,8,91.0
Clean,26,9,91.5
Clean,26,10,92.0
Clean,26,11,92.5
Clean,26,12,93.0
Clean,26,13,93.5
Clean,26,14,94.0
Clean,26,15,94.5
Clean,26,16,95.0
Clean,26,17,95.5
Clean,26,18,96.0
Clean,26,19,96.5
Clean,26,20,97.0
Clean,26,21,97.5
Clean,26,22,98.0
Clean,26,23,98.5
Clean,26,24,99.0
Clean,26,25,99.5
Clean,26,26,100.0
Clean,26,27,99.5
Clean,26,28,99.0
Clean,26,29,98.5
Clean,26,30,98.0
Clean,26,31,97.5
Clean,26,32,97.0
Clean,26,33,96.5
Clean,26,34,96.0
Clean,26,35,95.5
Clean,26,36,95.0
Clean,26,37,94.5
Clean,26,38,94.0
Clean,26,39,93.5
Clean,26,40,93.0
Clean,26,41,92.5
Clean,26,42,92.0
Clean,26,43,91.5
Clean,26,44,91.0
Clean,26,45,90.5
Clean,28,0,86.0
Clean,28,1,86.5
Clean,28,2,87.0
Clean,28,3,87.5
Clean,28,4,88.0
Clean,28,5,88.5
Clean,28,6,89.0
Clean,28,7,89.5
Clean,28,8,90.0
Clean,28,9,90.5
Clean,28,10,91.0
Clean,28,11,91.5
Clean,28,12,92.0
Clean,28,13,92.5
Clean,28,14,93.0
Clean,28,15,93.5
Clean,28,16,94.0
Clean,28,17,94.5
Clean,28,18,95.0
Clean,28,19,95.5
Clean,28,20,96.0
Clean,28,21,96.5
Clean,28,22,97.0
Clean,28,23,97.5
Clean,28,24,98.0
Clean,28,25,98.5
Clean,28,26,99.0
Clean,28,27,99.5
Clean,28,28,100.0
Clean,28,29,99.5
Clean,28,30,99.0
Clean,28,31,98.5
Clean,28,32,98.0
Clean,28,33,97.5
Clean,28,34,97.0
Clean,28,35,96.5
Clean,28,36,96.0
Clean,28,37,95.5
Clean,28,38,95.0
Clean,28,39,94.5
Clean,28,40,94.0
Clean,28,41,93.5
Clean,28,42,93.0
Clean,28,43,92.5
Clean,28,44,92.0
Clean,28,45,91.5
Clean,30,0,85.0
Clean,30,1,85.5
Clean,30,2,86.0
Clean,30,3,86.5
Clean,30,4,87.0
Clean,30,5,87.5
Clean,30,6,88.0
Clean,30,7,88.5
Clean,30,8,89.0
Clean,30,9,89.5
Clean,30,10,90.0
Clean,30,11,90.5
Clean,30,12,91.0
Clean,30,13,91.5
Clean,30,14,92.0
Clean,30,15,92.5
Clean,30,16,93.0
Clean,30,17,93.5
Clean,30,18,94.0
Clean,30,19,94.5
Clean,30,20,95.0
Clean,30,21,95.5
Clean,30,22,96.0
Clean,30,23,96.5
Clean,30,24,97.0
Clean,30,25,97.5
Clean,30,26,98.0
Clean,30,27,98.5
Clean,30,28,99.0
Clean,30,29,99.5
Clean,30,30,100.0
Clean,30,31,99.5
Clean,30,32,99.0
Clean,30,33,98.5
Clean,30,34,98.0
Clean,30,35,97.5
Clean,30,36,97.0
Clean,30,37,96.5
Clean,30,38,96.0
Clean,30,39,95.5
Clean,30,40,95.0
Clean,30,41,94.5
Clean,30,42,94.0
Clean,30,43,93.5
Clean,30,44,93.0
Clean,30,45,92.5
Clean,32,0,84.0
Clean,32,1,84.5
Clean,32,2,85.0
Clean,32,3,85.5
Clean,32,4,86.0
Clean,32,5,86.5
Clean,32,6,87.0
Clean,32,7,87.5
Clean,32,8,88.0
Clean,32,9,88.5
Clean,32,10,89.0
Clean,32,11,89.5
Clean,32,12,90.0
Clean,32,13,90.5
Clean,32,14,91.0
Clean,32,15,91.5
Clean,32,16,92.0
Clean,32,17,92.5
Clean,32,18,93.0
Clean,32,19,93.5
Clean,32,20,94.0
Clean,32,21,94.5
Clean,32,22,95.0
Clean,32,23,95.5
Clean,32,24,96.0
Clean,32,25,96.5
Clean,32,26,97.0
Clean,32,27,97.5
Clean,32,28,98.0
Clean,32,29,98.5
Clean,32,30,99.0
Clean,32,31,99.5
Clean,32,32,100.0
Clean,32,33,99.5
Clean,32,34,99.0
Clean,32,35,98.5
Clean,32,36,98.0
Clean,32,37,97.5
Clean,32,38,97.0
Clean,32,39,96.5
Clean,32,40,96.0
Clean,32,41,95.5
Clean,32,42,95.0
Clean,32,43,94.5
Clean,32,44,94.0
Clean,32,45,93.5
Clean,34,0,83.0
Clean,34,1,83.5
Clean,34,2,84.0
Clean,34,3,84.5
Clean,34,4,85.0
Clean,34,5,85.5
Clean,34,6,86.0
Clean,34,7,86.5
Clean,34,8,87.0
Clean,34,9,87.5
Clean,34,10,88.0
Clean,34,11,88.5
Clean,34,12,89.0
Clean,34,13,89.5
Clean,34,14,90.0
Clean,34,15,90.5
Clean,34,16,91.0
Clean,34,17,91.5
Clean,34,18,92.0
Clean,34,19,92.5
Clean,34,20,93.0
Clean,34,21,93.5
Clean,34,22,94.0
Clean,34,23,94.5
Clean,34,24,95.0
Clean,34,25,95.5
Clean,34,26,96.0
Clean,34,27,96.5
Clean,34,28,97.0
Clean,34,29,97.5
Clean,34,30,98.0
Clean,34,31,98.5
Clean,34,32,99.0
Clean,34,33,99.5
Clean,34,34,100.0
Clean,34,35,99.5
Clean,34,36,99.0
Clean,34,37,98.5
Clean,34,38,98.0
Clean,34,39,97.5
Clean,34,40,97.0
Clean,34,41,96.5
Clean,34,42,96.0
Clean,34,43,95.5
Clean,34,44,95.0
Clean,34,45,94.5
Bird-drop,8,0,66.0
Bird-drop,8,1,66.5
Bird-drop,8,2,67.0
Bird-drop,8,3,67.5
Bird-drop,8,4,68.0
Bird-drop,8,5,68.5
Bird-drop,8,6,69.0
Bird-drop,8,7,69.5
Bird-drop,8,8,70.0
Bird-drop,8,9,69.5
Bird-drop,8,10,69.0
Bird-drop,8,11,68.5
Bird-drop,8,12,68.0
Bird-drop,8,13,67.5
Bird-drop,8,14,67.0
Bird-drop,8,15,66.5
Bird-drop,8,16,66.0
Bird-drop,8,17,65.5
Bird-drop,8,18,65.0
Bird-drop,8,19,64.5
Bird-drop,8,20,64.0
Bird-drop,8,21,63.5
Bird-drop,8,22,63.0
Bird-drop,8,23,62.5
Bird-drop,8,24,62.0
Bird-drop,8,25,61.5
Bird-drop,8,26,61.0
Bird-drop,8,27,60.5
Bird-drop,8,28,60.0
Bird-drop,8,29,59.5
Bird-drop,8,30,59.0
Bird-drop,8,31,58.5
Bird-drop,8,32,58.0
Bird-drop,8,33,57.5
Bird-drop,8,34,57.0
Bird-drop,8,35,56.5
Bird-drop,8,36,56.0
Bird-drop,8,37,55.5
Bird-drop,8,38,55.0
Bird-drop,8,39,54.5
Bird-drop,8,40,54.0
Bird-drop,8,41,53.5
Bird-drop,8,42,53.0
Bird-drop,8,43,52.5
Bird-drop,8,44,52.0
Bird-drop,8,45,51.5
Bird-drop,10,0,65.0
Bird-drop,10,1,65.5
Bird-drop,10,2,66.0
Bird-drop,10,3,66.5
Bird-drop,10,4,67.0
Bird-drop,10,5,67.5
Bird-drop,10,6,68.0
Bird-drop,10,7,68.5
Bird-drop,10,8,69.0
Bird-drop,10,9,69.5
Bird-drop,10,10,70.0
Bird-drop,10,11,69.5
Bird-drop,10,12,69.0
Bird-drop,10,13,68.5
Bird-drop,10,14,68.0
Bird-drop,10,15,67.5
Bird-drop,10,16,67.0
Bird-drop,10,17,66.5
Bird-drop,10,18,66.0
Bird-drop,10,19,65.5
Bird-drop,10,20,65.0
Bird-drop,10,21,64.5
Bird-drop,10,22,64.0
Bird-drop,10,23,63.5
Bird-drop,10,24,63.0
Bird-drop,10,25,62.5
Bird-drop,10,26,62.0
Bird-drop,10,27,61.5
Bird-drop,10,28,61.0
Bird-drop,10,29,60.5
Bird-drop,10,30,60.0
Bird-drop,10,31,59.5
Bird-drop,10,32,59.0
Bird-drop,10,33,58.5
Bird-drop,10,34,58.0
Bird-drop,10,35,57.5
Bird-drop,10,36,57.0
Bird-drop,10,37,56.5
Bird-drop,10,38,56.0
Bird-drop,10,39,55.5
Bird-drop,10,40,55.0
Bird-drop,10,41,54.5
Bird-drop,10,42,54.0
Bird-drop,10,43,53.5
Bird-drop,10,44,53.0
Bird-drop,10,45,52.5
Bird-drop,12,0,64.0
Bird-drop,12,1,64.5
Bird-drop,12,2,65.0
Bird-drop,12,3,65.5
Bird-drop,12,4,66.0
Bird-drop,12,5,66.5
Bird-drop,12,6,67.0
Bird-drop,12,7,67.5
Bird-drop,12,8,68.0
Bird-drop,12,9,68.5
Bird-drop,12,10,69.0
Bird-drop,12,11,69.5
Bird-drop,12,12,70.0
Bird-drop,12,13,69.5
Bird-drop,12,14,69.0
Bird-drop,12,15,68.5
Bird-drop,12,16,68.0
Bird-drop,12,17,67.5
Bird-drop,12,18,67.0
Bird-drop,12,19,66.5
Bird-drop,12,20,66.0
Bird-drop,12,21,65.5
Bird-drop,12,22,65.0
Bird-drop,12,23,64.5
Bird-drop,12,24,64.0
Bird-drop,12,25,63.5
Bird-drop,12,26,63.0
Bird-drop,12,27,62.5
Bird-drop,12,28,62.0
Bird-drop,12,29,61.5
Bird-drop,12,30,61.0
Bird-drop,12,31,60.5
Bird-drop,12,32,60.0
Bird-drop,12,33,59.5
Bird-drop,12,34,59.0
Bird-drop,12,35,58.5
Bird-drop,12,36,58.0
Bird-drop,12,37,57.5
Bird-drop,12,38,57.0
Bird-drop,12,39,56.5
Bird-drop,12,40,56.0
Bird-drop,12,41,55.5
Bird-drop,12,42,55.0
Bird-drop,12,43,54.5
Bird-drop,12,44,54.0
Bird-drop,12,45,53.5
Bird-drop,14,0,63.0
Bird-drop,14,1,63.5
Bird-drop,14,2,64.0
Bird-drop,14,3,64.5
Bird-drop,14,4,65.0
Bird-drop,14,5,65.5
Bird-drop,14,6,66.0
Bird-drop,14,7,66.5
Bird-drop,14,8,67.0
Bird-drop,14,9,67.5
Bird-drop,14,10,68.0
Bird-drop,14,11,68.5
Bird-drop,14,12,69.0
Bird-drop,14,13,69.5
Bird-drop,14,14,70.0
Bird-drop,14,15,69.5
Bird-drop,14,16,69.0
Bird-drop,14,17,68.5
Bird-drop,14,18,68.0
Bird-drop,14,19,67.5
Bird-drop,14,20,67.0
Bird-drop,14,21,66.5
Bird-drop,14,22,66.0
Bird-drop,14,23,65.5
Bird-drop,14,24,65.0
Bird-drop,14,25,64.5
Bird-drop,14,26,64.0
Bird-drop,14,27,63.5
Bird-drop,14,28,63.0
Bird-drop,14,29,62.5
Bird-drop,14,30,62.0
Bird-drop,14,31,61.5
Bird-drop,14,32,61.0
Bird-drop,14,33,60.5
Bird-drop,14,34,60.0
Bird-drop,14,35,59.5
Bird-drop,14,36,59.0
Bird-drop,14,37,58.5
Bird-drop,14,38,58.0
Bird-drop,14,39,57.5
Bird-drop,14,40,57.0
Bird-drop,14,41,56.5
Bird-drop,14,42,56.0
Bird-drop,14,43,55.5
Bird-drop,14,44,55.0
Bird-drop,14,45,54.5
Bird-drop,16,0,62.0
Bird-drop,16,1,62.5
Bird-drop,16,2,63.0
Bird-drop,16,3,63.5
Bird-drop,16,4,64.0
Bird-drop,16,5,64.5
Bird-drop,16,6,65.0
Bird-drop,16,7,65.5
Bird-drop,16,8,66.0
Bird-drop,16,9,66.5
Bird-drop,16,10,67.0
Bird-drop,16,11,67.5
Bird-drop,16,12,68.0
Bird-drop,16,13,68.5
Bird-drop,16,14,69.0
Bird-drop,16,15,69.5
Bird-drop,16,16,70.0
Bird-drop,16,17,69.5
Bird-drop,16,18,69.0
Bird-drop,16,19,68.5
Bird-drop,16,20,68.0
Bird-drop,16,21,67.5
Bird-drop,16,22,67.0
Bird-drop,16,23,66.5
Bird-drop,16,24,66.0
Bird-drop,16,25,65.5
Bird-drop,16,26,65.0
Bird-drop,16,27,64.5
Bird-drop,16,28,64.0
Bird-drop,16,29,63.5
Bird-drop,16,30,63.0
Bird-drop,16,31,62.5
Bird-drop,16,32,62.0
Bird-drop,16,33,61.5
Bird-drop,16,34,61.0
Bird-drop,16,35,60.5
Bird-drop,16,36,60.0
Bird-drop,16,37,59.5
Bird-drop,16,38,59.0
Bird-drop,16,39,58.5
Bird-drop,16,40,58.0
Bird-drop,16,41,57.5
Bird-drop,16,42,57.0
Bird-drop,16,43,56.5
Bird-drop,16,44,56.0
Bird-drop,16,45,55.5
Bird-drop,18,0,61.0
Bird-drop,18,1,61.5
Bird-drop,18,2,62.0
Bird-drop,18,3,62.5
Bird-drop,18,4,63.0
Bird-drop,18,5,63.5
Bird-drop,18,6,64.0
Bird-drop,18,7,64.5
Bird-drop,18,8,65.0
Bird-drop,18,9,65.5
Bird-drop,18,10,66.0
Bird-drop,18,11,66.5
Bird-drop,18,12,67.0
Bird-drop,18,13,67.5
Bird-drop,18,14,68.0
Bird-drop,18,15,68.5
Bird-drop,18,16,69.0
Bird-drop,18,17,69.5
Bird-drop,18,18,70.0
Bird-drop,18,19,69.5
Bird-drop,18,20,69.0
Bird-drop,18,21,68.5
Bird-drop,18,22,68.0
Bird-drop,18,23,67.5
Bird-drop,18,24,67.0
Bird-drop,18,25,66.5
Bird-drop,18,26,66.0
Bird-drop,18,27,65.5
Bird-drop,18,28,65.0
Bird-drop,18,29,64.5
Bird-drop,18,30,64.0
Bird-drop,18,31,63.5
Bird-drop,18,32,63.0
Bird-drop,18,33,62.5
Bird-drop,18,34,62.0
Bird-drop,18,35,61.5
Bird-drop,18,36,61.0
Bird-drop,18,37,60.5
Bird-drop,18,38,60.0
Bird-drop,18,39,59.5
Bird-drop,18,40,59.0
Bird-drop,18,41,58.5
Bird-drop,18,42,58.0
Bird-drop,18,43,57.5
Bird-drop,18,44,57.0
Bird-drop,18,45,56.5
Bird-drop,20,0,60.0
Bird-drop,20,1,60.5
Bird-drop,20,2,61.0
Bird-drop,20,3,61.5
Bird-drop,20,4,62.0
Bird-drop,20,5,62.5
Bird-drop,20,6,63.0
Bird-drop,20,7,63.5
Bird-drop,20,8,64.0
Bird-drop,20,9,64.5
Bird-drop,20,10,65.0
Bird-drop,20,11,65.5
Bird-drop,20,12,66.0
Bird-drop,20,13,66.5
Bird-drop,20,14,67.0
Bird-drop,20,15,67.5
Bird-drop,20,16,68.0
Bird-drop,20,17,68.5
Bird-drop,20,18,69.0
Bird-drop,20,19,69.5
Bird-drop,20,20,70.0
Bird-drop,20,21,69.5
Bird-drop,20,22,69.0
Bird-drop,20,23,68.5
Bird-drop,20,24,68.0
Bird-drop,20,25,67.5
Bird-drop,20,26,67.0
Bird-drop,20,27,66.5
Bird-drop,20,28,66.0
Bird-drop,20,29,65.5
Bird-drop,20,30,65.0
Bird-drop,20,31,64.5
Bird-drop,20,32,64.0
Bird-drop,20,33,63.5
Bird-drop,20,34,63.0
Bird-drop,20,35,62.5
Bird-drop,20,36,62.0
Bird-drop,20,37,61.5
Bird-drop,20,38,61.0
Bird-drop,20,39,60.5
Bird-drop,20,40,60.0
Bird-drop,20,41,59.5
Bird-drop,20,42,59.0
Bird-drop,20,43,58.5
Bird-drop,20,44,58.0
Bird-drop,20,45,57.5
Bird-drop,22,0,59.0
Bird-drop,22,1,59.5
Bird-drop,22,2,60.0
Bird-drop,22,3,60.5
Bird-drop,22,4,61.0
Bird-drop,22,5,61.5
Bird-drop,22,6,62.0
Bird-drop,22,7,62.5
Bird-drop,22,8,63.0
Bird-drop,22,9,63.5
Bird-drop,22,10,64.0
Bird-drop,22,11,64.5
Bird-drop,22,12,65.0
Bird-drop,22,13,65.5
Bird-drop,22,14,66.0
Bird-drop,22,15,66.5
Bird-drop,22,16,67.0
Bird-drop,22,17,67.5
Bird-drop,22,18,68.0
Bird-drop,22,19,68.5
Bird-drop,22,20,69.0
Bird-drop,22,21,69.5
Bird-drop,22,22,70.0
Bird-drop,22,23,69.5
Bird-drop,22,24,69.0
Bird-drop,22,25,68.5
Bird-drop,22,26,68.0
Bird-drop,22,27,67.5
Bird-drop,22,28,67.0
Bird-drop,22,29,66.5
Bird-drop,22,30,66.0
Bird-drop,22,31,65.5
Bird-drop,22,32,65.0
Bird-drop,22,33,64.5
Bird-drop,22,34,64.0
Bird-drop,22,35,63.5
Bird-drop,22,36,63.0
Bird-drop,22,37,62.5
Bird-drop,22,38,62.0
Bird-drop,22,39,61.5
Bird-drop,22,40,61.0
Bird-drop,22,41,60.5
Bird-drop,22,42,60.0
Bird-drop,22,43,59.5
Bird-drop,22,44,59.0
Bird-drop,22,45,58.5
Bird-drop,24,0,58.0
Bird-drop,24,1,58.5
Bird-drop,24,2,59.0
Bird-drop,24,3,59.5
Bird-drop,24,4,60.0
Bird-drop,24,5,60.5
Bird-drop,24,6,61.0
Bird-drop,24,7,61.5
Bird-drop,24,8,62.0
Bird-drop,24,9,62.5
Bird-drop,24,10,63.0
Bird-drop,24,11,63.5
Bird-drop,24,12,64.0
Bird-drop,24,13,64.5
Bird-drop,24,14,65.0
Bird-drop,24,15,65.5
Bird-drop,24,16,66.0
Bird-drop,24,17,66.5
Bird-drop,24,18,67.0
Bird-drop,24,19,67.5
Bird-drop,24,20,68.0
Bird-drop,24,21,68.5
Bird-drop,24,22,69.0
Bird-drop,24,23,69.5
Bird-drop,24,24,70.0
Bird-drop,24,25,69.5
Bird-drop,24,26,69.0
Bird-drop,24,27,68.5
Bird-drop,24,28,68.0
Bird-drop,24,29,67.5
Bird-drop,24,30,67.0
Bird-drop,24,31,66.5
Bird-drop,24,32,66.0
Bird-drop,24,33,65.5
Bird-drop,24,34,65.0
Bird-drop,24,35,64.5
Bird-drop,24,36,64.0
Bird-drop,24,37,63.5
Bird-drop,24,38,63.0
Bird-drop,24,39,62.5
Bird-drop,24,40,62.0
Bird-drop,24,41,61.5
Bird-drop,24,42,61.0
Bird-drop,24,43,60.5
Bird-drop,24,44,60.0
Bird-drop,24,45,59.5
Bird-drop,26,0,57.0
Bird-drop,26,1,57.5
Bird-drop,26,2,58.0
Bird-drop,26,3,58.5
Bird-drop,26,4,59.0
Bird-drop,26,5,59.5
Bird-drop,26,6,60.0
Bird-drop,26,7,60.5
Bird-drop,26,8,61.0
Bird-drop,26,9,61.5
Bird-drop,26,10,62.0
Bird-drop,26,11,62.5
Bird-drop,26,12,63.0
Bird-drop,26,13,63.5
Bird-drop,26,14,64.0
Bird-drop,26,15,64.5
Bird-drop,26,16,65.0
Bird-drop,26,17,65.5
Bird-drop,26,18,66.0
Bird-drop,26,19,66.5
Bird-drop,26,20,67.0
Bird-drop,26,21,67.5
Bird-drop,26,22,68.0
Bird-drop,26,23,68.5
Bird-drop,26,24,69.0
Bird-drop,26,25,69.5
Bird-drop,26,26,70.0
Bird-drop,26,27,69.5
Bird-drop,26,28,69.0
Bird-drop,26,29,68.5
Bird-drop,26,30,68.0
Bird-drop,26,31,67.5
Bird-drop,26,32,67.0
Bird-drop,26,33,66.5
Bird-drop,26,34,66.0
Bird-drop,26,35,65.5
Bird-drop,26,36,65.0
Bird-drop,26,37,64.5
Bird-drop,26,38,64.0
Bird-drop,26,39,63.5
Bird-drop,26,40,63.0
Bird-drop,26,41,62.5
Bird-drop,26,42,62.0
Bird-drop,26,43,61.5
Bird-drop,26,44,61.0
Bird-drop,26,45,60.5
Bird-drop,28,0,56.0
Bird-drop,28,1,56.5
Bird-drop,28,2,57.0
Bird-drop,28,3,57.5
Bird-drop,28,4,58.0
Bird-drop,28,5,58.5
Bird-drop,28,6,59.0
Bird-drop,28,7,59.5
Bird-drop,28,8,60.0
Bird-drop,28,9,60.5
Bird-drop,28,10,61.0
Bird-drop,28,11,61.5
Bird-drop,28,12,62.0
Bird-drop,28,13,62.5
Bird-drop,28,14,63.0
Bird-drop,28,15,63.5
Bird-drop,28,16,64.0
Bird-drop,28,17,64.5
Bird-drop,28,18,65.0
Bird-drop,28,19,65.5
Bird-drop,28,20,66.0
Bird-drop,28,21,66.5
Bird-drop,28,22,67.0
Bird-drop,28,23,67.5
Bird-drop,28,24,68.0
Bird-drop,28,25,68.5
Bird-drop,28,26,69.0
Bird-drop,28,27,69.5
Bird-drop,28,28,70.0
Bird-drop,28,29,69.5
Bird-drop,28,30,69.0
Bird-drop,28,31,68.5
Bird-drop,28,32,68.0
Bird-drop,28,33,67.5
Bird-drop,28,34,67.0
Bird-drop,28,35,66.5
Bird-drop,28,36,66.0
Bird-drop,28,37,65.5
Bird-drop,28,38,65.0
Bird-drop,28,39,64.5
Bird-drop,28,40,64.0
Bird-drop,28,41,63.5
Bird-drop,28,42,63.0
Bird-drop,28,43,62.5
Bird-drop,28,44,62.0
Bird-drop,28,45,61.5
Bird-drop,30,0,55.0
Bird-drop,30,1,55.5
Bird-drop,30,2,56.0
Bird-drop,30,3,56.5
Bird-drop,30,4,57.0
Bird-drop,30,5,57.5
Bird-drop,30,6,58.0
Bird-drop,30,7,58.5
Bird-drop,30,8,59.0
Bird-drop,30,9,59.5
Bird-drop,30,10,60.0
Bird-drop,30,11,60.5
Bird-drop,30,12,61.0
Bird-drop,30,13,61.5
Bird-drop,30,14,62.0
Bird-drop,30,15,62.5
Bird-drop,30,16,63.0
Bird-drop,30,17,63.5
Bird-drop,30,18,64.0
Bird-drop,30,19,64.5
Bird-drop,30,20,65.0
Bird-drop,30,21,65.5
Bird-drop,30,22,66.0
Bird-drop,30,23,66.5
Bird-drop,30,24,67.0
Bird-drop,30,25,67.5
Bird-drop,30,26,68.0
Bird-drop,30,27,68.5
Bird-drop,30,28,69.0
Bird-drop,30,29,69.5
Bird-drop,30,30,70.0
Bird-drop,30,31,69.5
Bird-drop,30,32,69.0
Bird-drop,30,33,68.5
Bird-drop,30,34,68.0
Bird-drop,30,35,67.5
Bird-drop,30,36,67.0
Bird-drop,30,37,66.5
Bird-drop,30,38,66.0
Bird-drop,30,39,65.5
Bird-drop,30,40,65.0
Bird-drop,30,41,64.5
Bird-drop,30,42,64.0
Bird-drop,30,43,63.5
Bird-drop,30,44,63.0
Bird-drop,30,45,62.5
Bird-drop,32,0,54.0
Bird-drop,32,1,54.5
Bird-drop,32,2,55.0
Bird-drop,32,3,55.5
Bird-drop,32,4,56.0
Bird-drop,32,5,56.5
Bird-drop,32,6,57.0
Bird-drop,32,7,57.5
Bird-drop,32,8,58.0
Bird-drop,32,9,58.5
Bird-drop,32,10,59.0
Bird-drop,32,11,59.5
Bird-drop,32,12,60.0
Bird-drop,32,13,60.5
Bird-drop,32,14,61.0
Bird-drop,32,15,61.5
Bird-drop,32,16,62.0
Bird-drop,32,17,62.5
Bird-drop,32,18,63.0
Bird-drop,32,19,63.5
Bird-drop,32,20,64.0
Bird-drop,32,21,64.5
Bird-drop,32,22,65.0
Bird-drop,32,23,65.5
Bird-drop,32,24,66.0
Bird-drop,32,25,66.5
Bird-drop,32,26,67.0
Bird-drop,32,27,67.5
Bird-drop,32,28,68.0
Bird-drop,32,29,68.5
Bird-drop,32,30,69.0
Bird-drop,32,31,69.5
Bird-drop,32,32,70.0
Bird-drop,32,33,69.5
Bird-drop,32,34,69.0
Bird-drop,32,35,68.5
Bird-drop,32,36,68.0
Bird-drop,32,37,67.5
Bird-drop,32,38,67.0
Bird-drop,32,39,66.5
Bird-drop,32,40,66.0
Bird-drop,32,41,65.5
Bird-drop,32,42,65.0
Bird-drop,32,43,64.5
Bird-drop,32,44,64.0
Bird-drop,32,45,63.5
Bird-drop,34,0,53.0
Bird-drop,34,1,53.5
Bird-drop,34,2,54.0
Bird-drop,34,3,54.5
Bird-drop,34,4,55.0
Bird-drop,34,5,55.5
Bird-drop,34,6,56.0
Bird-drop,34,7,56.5
Bird-drop,34,8,57.0
Bird-drop,34,9,57.5
Bird-drop,34,10,58.0
Bird-drop,34,11,58.5
Bird-drop,34,12,59.0
Bird-drop,34,13,59.5
Bird-drop,34,14,60.0
Bird-drop,34,15,60.5
Bird-drop,34,16,61.0
Bird-drop,34,17,61.5
Bird-drop,34,18,62.0
Bird-drop,34,19,62.5
Bird-drop,34,20,63.0
Bird-drop,34,21,63.5
Bird-drop,34,22,64.0
Bird-drop,34,23,64.5
Bird-drop,34,24,65.0
Bird-drop,34,25,65.5
Bird-drop,34,26,66.0
Bird-drop,34,27,66.5
Bird-drop,34,28,67.0
Bird-drop,34,29,67.5
Bird-drop,34,30,68.0
Bird-drop,34,31,68.5
Bird-drop,34,32,69.0
Bird-drop,34,33,69.5
Bird-drop,34,34,70.0
Bird-drop,34,35,69.5
Bird-drop,34,36,69.0
Bird-drop,34,37,68.5
Bird-drop,34,38,68.0
Bird-drop,34,39,67.5
Bird-drop,34,40,67.0
Bird-drop,34,41,66.5
Bird-drop,34,42,66.0
Bird-drop,34,43,65.5
Bird-drop,34,44,65.0
Bird-drop,34,45,64.5
Dusty,8,0,76.0
Dusty,8,1,76.5
Dusty,8,2,77.0
Dusty,8,3,77.5
Dusty,8,4,78.0
Dusty,8,5,78.5
Dusty,8,6,79.0
Dusty,8,7,79.5
Dusty,8,8,80.0
Dusty,8,9,79.5
Dusty,8,10,79.0
Dusty,8,11,78.5
Dusty,8,12,78.0
Dusty,8,13,77.5
Dusty,8,14,77.0
Dusty,8,15,76.5
Dusty,8,16,76.0
Dusty,8,17,75.5
Dusty,8,18,75.0
Dusty,8,19,74.5
Dusty,8,20,74.0
Dusty,8,21,73.5
Dusty,8,22,73.0
Dusty,8,23,72.5
Dusty,8,24,72.0
Dusty,8,25,71.5
Dusty,8,26,71.0
Dusty,8,27,70.5
Dusty,8,28,70.0
Dusty,8,29,69.5
Dusty,8,30,69.0
Dusty,8,31,68.5
Dusty,8,32,68.0
Dusty,8,33,67.5
Dusty,8,34,67.0
Dusty,8,35,66.5
Dusty,8,36,66.0
Dusty,8,37,65.5
Dusty,8,38,65.0
Dusty,8,39,64.5
Dusty,8,40,64.0
Dusty,8,41,63.5
Dusty,8,42,63.0
Dusty,8,43,62.5
Dusty,8,44,62.0
Dusty,8,45,61.5
Dusty,10,0,75.0
Dusty,10,1,75.5
Dusty,10,2,76.0
Dusty,10,3,76.5
Dusty,10,4,77.0
Dusty,10,5,77.5
Dusty,10,6,78.0
Dusty,10,7,78.5
Dusty,10,8,79.0
Dusty,10,9,79.5
Dusty,10,10,80.0
Dusty,10,11,79.5
Dusty,10,12,79.0
Dusty,10,13,78.5
Dusty,10,14,78.0
Dusty,10,15,77.5
Dusty,10,16,77.0
Dusty,10,17,76.5
Dusty,10,18,76.0
Dusty,10,19,75.5
Dusty,10,20,75.0
Dusty,10,21,74.5
Dusty,10,22,74.0
Dusty,10,23,73.5
Dusty,10,24,73.0
Dusty,10,25,72.5
Dusty,10,26,72.0
Dusty,10,27,71.5
Dusty,10,28,71.0
Dusty,10,29,70.5
Dusty,10,30,70.0
Dusty,10,31,69.5
Dusty,10,32,69.0
Dusty,10,33,68.5
Dusty,10,34,68.0
Dusty,10,35,67.5
Dusty,10,36,67.0
Dusty,10,37,66.5
Dusty,10,38,66.0
Dusty,10,39,65.5
Dusty,10,40,65.0
Dusty,10,41,64.5
Dusty,10,42,64.0
Dusty,10,43,63.5
Dusty,10,44,63.0
Dusty,10,45,62.5
Dusty,12,0,74.0
Dusty,12,1,74.5
Dusty,12,2,75.0
Dusty,12,3,75.5
Dusty,12,4,76.0
Dusty,12,5,76.5
Dusty,12,6,77.0
Dusty,12,7,77.5
Dusty,12,8,78.0
Dusty,12,9,78.5
Dusty,12,10,79.0
Dusty,12,11,79.5
Dusty,12,12,80.0
Dusty,12,13,79.5
Dusty,12,14,79.0
Dusty,12,15,78.5
Dusty,12,16,78.0
Dusty,12,17,77.5
Dusty,12,18,77.0
Dusty,12,19,76.5
Dusty,12,20,76.0
Dusty,12,21,75.5
Dusty,12,22,75.0
Dusty,12,23,74.5
Dusty,12,24,74.0
Dusty,12,25,73.5
Dusty,12,26,73.0
Dusty,12,27,72.5
Dusty,12,28,72.0
Dusty,12,29,71.5
Dusty,12,30,71.0
Dusty,12,31,70.5
Dusty,12,32,70.0
Dusty,12,33,69.5
Dusty,12,34,69.0
Dusty,12,35,68.5
Dusty,12,36,68.0
Dusty,12,37,67.5
Dusty,12,38,67.0
Dusty,12,39,66.5
Dusty,12,40,66.0
Dusty,12,41,65.5
Dusty,12,42,65.0
Dusty,12,43,64.5
Dusty,12,44,64.0
Dusty,12,45,63.5
Dusty,14,0,73.0
Dusty,14,1,73.5
Dusty,14,2,74.0
Dusty,14,3,74.5
Dusty,14,4,75.0
Dusty,14,5,75.5
Dusty,14,6,76.0
Dusty,14,7,76.5
Dusty,14,8,77.0
Dusty,14,9,77.5
Dusty,14,10,78.0
Dusty,14,11,78.5
Dusty,14,12,79.0
Dusty,14,13,79.5
Dusty,14,14,80.0
Dusty,14,15,79.5
Dusty,14,16,79.0
Dusty,14,17,78.5
Dusty,14,18,78.0
Dusty,14,19,77.5
Dusty,14,20,77.0
Dusty,14,21,76.5
Dusty,14,22,76.0
Dusty,14,23,75.5
Dusty,14,24,75.0
Dusty,14,25,74.5
Dusty,14,26,74.0
Dusty,14,27,73.5
Dusty,14,28,73.0
Dusty,14,29,72.5
Dusty,14,30,72.0
Dusty,14,31,71.5
Dusty,14,32,71.0
Dusty,14,33,70.5
Dusty,14,34,70.0
Dusty,14,35,69.5
Dusty,14,36,69.0
Dusty,14,37,68.5
Dusty,14,38,68.0
Dusty,14,39,67.5
Dusty,14,40,67.0
Dusty,14,41,66.5
Dusty,14,42,66.0
Dusty,14,43,65.5
Dusty,14,44,65.0
Dusty,14,45,64.5
Dusty,16,0,72.0
Dusty,16,1,72.5
Dusty,16,2,73.0
Dusty,16,3,73.5
Dusty,16,4,74.0
Dusty,16,5,74.5
Dusty,16,6,75.0
Dusty,16,7,75.5
Dusty,16,8,76.0
Dusty,16,9,76.5
Dusty,16,10,77.0
Dusty,16,11,77.5
Dusty,16,12,78.0
Dusty,16,13,78.5
Dusty,16,14,79.0
Dusty,16,15,79.5
Dusty,16,16,80.0
Dusty,16,17,79.5
Dusty,16,18,79.0
Dusty,16,19,78.5
Dusty,16,20,78.0
Dusty,16,21,77.5
Dusty,16,22,77.0
Dusty,16,23,76.5
Dusty,16,24,76.0
Dusty,16,25,75.5
Dusty,16,26,75.0
Dusty,16,27,74.5
Dusty,16,28,74.0
Dusty,16,29,73.5
Dusty,16,30,73.0
Dusty,16,31,72.5
Dusty,16,32,72.0
Dusty,16,33,71.5
Dusty,16,34,71.0
Dusty,16,35,70.5
Dusty,16,36,70.0
Dusty,16,37,69.5
Dusty,16,38,69.0
Dusty,16,39,68.5
Dusty,16,40,68.0
Dusty,16,41,67.5
Dusty,16,42,67.0
Dusty,16,43,66.5
Dusty,16,44,66.0
Dusty,16,45,65.5
Dusty,18,0,71.0
Dusty,18,1,71.5
Dusty,18,2,72.0
Dusty,18,3,72.5
Dusty,18,4,73.0
Dusty,18,5,73.5
Dusty,18,6,74.0
Dusty,18,7,74.5
Dusty,18,8,75.0
Dusty,18,9,75.5
Dusty,18,10,76.0
Dusty,18,11,76.5
Dusty,18,12,77.0
Dusty,18,13,77.5
Dusty,18,14,78.0
Dusty,18,15,78.5
Dusty,18,16,79.0
Dusty,18,17,79.5
Dusty,18,18,80.0
Dusty,18,19,79.5
Dusty,18,20,79.0
Dusty,18,21,78.5
Dusty,18,22,78.0
Dusty,18,23,77.5
Dusty,18,24,77.0
Dusty,18,25,76.5
Dusty,18,26,76.0
Dusty,18,27,75.5
Dusty,18,28,75.0
Dusty,18,29,74.5
Dusty,18,30,74.0
Dusty,18,31,73.5
Dusty,18,32,73.0
Dusty,18,33,72.5
Dusty,18,34,72.0
Dusty,18,35,71.5
Dusty,18,36,71.0
Dusty,18,37,70.5
Dusty,18,38,70.0
Dusty,18,39,69.5
Dusty,18,40,69.0
Dusty,18,41,68.5
Dusty,18,42,68.0
Dusty,18,43,67.5
Dusty,18,44,67.0
Dusty,18,45,66.5
Dusty,20,0,70.0
Dusty,20,1,70.5
Dusty,20,2,71.0
Dusty,20,3,71.5
Dusty,20,4,72.0
Dusty,20,5,72.5
Dusty,20,6,73.0
Dusty,20,7,73.5
Dusty,20,8,74.0
Dusty,20,9,74.5
Dusty,20,10,75.0
Dusty,20,11,75.5
Dusty,20,12,76.0
Dusty,20,13,76.5
Dusty,20,14,77.0
Dusty,20,15,77.5
Dusty,20,16,78.0
Dusty,20,17,78.5
Dusty,20,18,79.0
Dusty,20,19,79.5
Dusty,20,20,80.0
Dusty,20,21,79.5
Dusty,20,22,79.0
Dusty,20,23,78.5
Dusty,20,24,78.0
Dusty,20,25,77.5
Dusty,20,26,77.0
Dusty,20,27,76.5
Dusty,20,28,76.0
Dusty,20,29,75.5
Dusty,20,30,75.0
Dusty,20,31,74.5
Dusty,20,32,74.0
Dusty,20,33,73.5
Dusty,20,34,73.0
Dusty,20,35,72.5
Dusty,20,36,72.0
Dusty,20,37,71.5
Dusty,20,38,71.0
Dusty,20,39,70.5
Dusty,20,40,70.0
Dusty,20,41,69.5
Dusty,20,42,69.0
Dusty,20,43,68.5
Dusty,20,44,68.0
Dusty,20,45,67.5
Dusty,22,0,69.0
Dusty,22,1,69.5
Dusty,22,2,70.0
Dusty,22,3,70.5
Dusty,22,4,71.0
Dusty,22,5,71.5
Dusty,22,6,72.0
Dusty,22,7,72.5
Dusty,22,8,73.0
Dusty,22,9,73.5
Dusty,22,10,74.0
Dusty,22,11,74.5
Dusty,22,12,75.0
Dusty,22,13,75.5
Dusty,22,14,76.0
Dusty,22,15,76.5
Dusty,22,16,77.0
Dusty,22,17,77.5
Dusty,22,18,78.0
Dusty,22,19,78.5
Dusty,22,20,79.0
Dusty,22,21,79.5
Dusty,22,22,80.0
Dusty,22,23,79.5
Dusty,22,24,79.0
Dusty,22,25,78.5
Dusty,22,26,78.0
Dusty,22,27,77.5
Dusty,22,28,77.0
Dusty,22,29,76.5
Dusty,22,30,76.0
Dusty,22,31,75.5
Dusty,22,32,75.0
Dusty,22,33,74.5
Dusty,22,34,74.0
Dusty,22,35,73.5
Dusty,22,36,73.0
Dusty,22,37,72.5
Dusty,22,38,72.0
Dusty,22,39,71.5
Dusty,22,40,71.0
Dusty,22,41,70.5
Dusty,22,42,70.0
Dusty,22,43,69.5
Dusty,22,44,69.0
Dusty,22,45,68.5
Dusty,24,0,68.0
Dusty,24,1,68.5
Dusty,24,2,69.0
Dusty,24,3,69.5
Dusty,24,4,70.0
Dusty,24,5,70.5
Dusty,24,6,71.0
Dusty,24,7,71.5
Dusty,24,8,72.0
Dusty,24,9,72.5
Dusty,24,10,73.0
Dusty,24,11,73.5
Dusty,24,12,74.0
Dusty,24,13,74.5
Dusty,24,14,75.0
Dusty,24,15,75.5
Dusty,24,16,76.0
Dusty,24,17,76.5
Dusty,24,18,77.0
Dusty,24,19,77.5
Dusty,24,20,78.0
Dusty,24,21,78.5
Dusty,24,22,79.0
Dusty,24,23,79.5
Dusty,24,24,80.0
Dusty,24,25,79.5
Dusty,24,26,79.0
Dusty,24,27,78.5
Dusty,24,28,78.0
Dusty,24,29,77.5
Dusty,24,30,77.0
Dusty,24,31,76.5
Dusty,24,32,76.0
Dusty,24,33,75.5
Dusty,24,34,75.0
Dusty,24,35,74.5
Dusty,24,36,74.0
Dusty,24,37,73.5
Dusty,24,38,73.0
Dusty,24,39,72.5
Dusty,24,40,72.0
Dusty,24,41,71.5
Dusty,24,42,71.0
Dusty,24,43,70.5
Dusty,24,44,70.0
Dusty,24,45,69.5
Dusty,26,0,67.0
Dusty,26,1,67.5
Dusty,26,2,68.0
Dusty,26,3,68.5
Dusty,26,4,69.0
Dusty,26,5,69.5
Dusty,26,6,70.0
Dusty,26,7,70.5
Dusty,26,8,71.0
Dusty,26,9,71.5
Dusty,26,10,72.0
Dusty,26,11,72.5
Dusty,26,12,73.0
Dusty,26,13,73.5
Dusty,26,14,74.0
Dusty,26,15,74.5
Dusty,26,16,75.0
Dusty,26,17,75.5
Dusty,26,18,76.0
Dusty,26,19,76.5
Dusty,26,20,77.0
Dusty,26,21,77.5
Dusty,26,22,78.0
Dusty,26,23,78.5
Dusty,26,24,79.0
Dusty,26,25,79.5
Dusty,26,26,80.0
Dusty,26,27,79.5
Dusty,26,28,79.0
Dusty,26,29,78.5
Dusty,26,30,78.0
Dusty,26,31,77.5
Dusty,26,32,77.0
Dusty,26,33,76.5
Dusty,26,34,76.0
Dusty,26,35,75.5
Dusty,26,36,75.0
Dusty,26,37,74.5
Dusty,26,38,74.0
Dusty,26,39,73.5
Dusty,26,40,73.0
Dusty,26,41,72.5
Dusty,26,42,72.0
Dusty,26,43,71.5
Dusty,26,44,71.0
Dusty,26,45,70.5
Dusty,28,0,66.0
Dusty,28,1,66.5
Dusty,28,2,67.0
Dusty,28,3,67.5
Dusty,28,4,68.0
Dusty,28,5,68.5
Dusty,28,6,69.0
Dusty,28,7,69.5
Dusty,28,8,70.0
Dusty,28,9,70.5
Dusty,28,10,71.0
Dusty,28,11,71.5
Dusty,28,12,72.0
Dusty,28,13,72.5
Dusty,28,14,73.0
Dusty,28,15,73.5
Dusty,28,16,74.0
Dusty,28,17,74.5
Dusty,28,18,75.0
Dusty,28,19,75.5
Dusty,28,20,76.0
Dusty,28,21,76.5
Dusty,28,22,77.0
Dusty,28,23,77.5
Dusty,28,24,78.0
Dusty,28,25,78.5
Dusty,28,26,79.0
Dusty,28,27,79.5
Dusty,28,28,80.0
Dusty,28,29,79.5
Dusty,28,30,79.0
Dusty,28,31,78.5
Dusty,28,32,78.0
Dusty,28,33,77.5
Dusty,28,34,77.0
Dusty,28,35,76.5
Dusty,28,36,76.0
Dusty,28,37,75.5
Dusty,28,38,75.0
Dusty,28,39,74.5
Dusty,28,40,74.0
Dusty,28,41,73.5
Dusty,28,42,73.0
Dusty,28,43,72.5
Dusty,28,44,72.0
Dusty,28,45,71.5
Dusty,30,0,65.0
Dusty,30,1,65.5
Dusty,30,2,66.0
Dusty,30,3,66.5
Dusty,30,4,67.0
Dusty,30,5,67.5
Dusty,30,6,68.0
Dusty,30,7,68.5
Dusty,30,8,69.0
Dusty,30,9,69.5
Dusty,30,10,70.0
Dusty,30,11,70.5
Dusty,30,12,71.0
Dusty,30,13,71.5
Dusty,30,14,72.0
Dusty,30,15,72.5
Dusty,30,16,73.0
Dusty,30,17,73.5
Dusty,30,18,74.0
Dusty,30,19,74.5
Dusty,30,20,75.0
Dusty,30,21,75.5
Dusty,30,22,76.0
Dusty,30,23,76.5
Dusty,30,24,77.0
Dusty,30,25,77.5
Dusty,30,26,78.0
Dusty,30,27,78.5
Dusty,30,28,79.0
Dusty,30,29,79.5
Dusty,30,30,80.0
Dusty,30,31,79.5
Dusty,30,32,79.0
Dusty,30,33,78.5
Dusty,30,34,78.0
Dusty,30,35,77.5
Dusty,30,36,77.0
Dusty,30,37,76.5
Dusty,30,38,76.0
Dusty,30,39,75.5
Dusty,30,40,75.0
Dusty,30,41,74.5
Dusty,30,42,74.0
Dusty,30,43,73.5
Dusty,30,44,73.0
Dusty,30,45,72.5
Dusty,32,0,64.0
Dusty,32,1,64.5
Dusty,32,2,65.0
Dusty,32,3,65.5
Dusty,32,4,66.0
Dusty,32,5,66.5
Dusty,32,6,67.0
Dusty,32,7,67.5
Dusty,32,8,68.0
Dusty,32,9,68.5
Dusty,32,10,69.0
Dusty,32,11,69.5
Dusty,32,12,70.0
Dusty,32,13,70.5
Dusty,32,14,71.0
Dusty,32,15,71.5
Dusty,32,16,72.0
Dusty,32,17,72.5
Dusty,32,18,73.0
Dusty,32,19,73.5
Dusty,32,20,74.0
Dusty,32,21,74.5
Dusty,32,22,75.0
Dusty,32,23,75.5
Dusty,32,24,76.0
Dusty,32,25,76.5
Dusty,32,26,77.0
Dusty,32,27,77.5
Dusty,32,28,78.0
Dusty,32,29,78.5
Dusty,32,30,79.0
Dusty,32,31,79.5
Dusty,32,32,80.0
Dusty,32,33,79.5
Dusty,32,34,79.0
Dusty,32,35,78.5
Dusty,32,36,78.0
Dusty,32,37,77.5
Dusty,32,38,77.0
Dusty,32,39,76.5
Dusty,32,40,76.0
Dusty,32,41,75.5
Dusty,32,42,75.0
Dusty,32,43,74.5
Dusty,32,44,74.0
Dusty,32,45,73.5
Dusty,34,0,63.0
Dusty,34,1,63.5
Dusty,34,2,64.0
Dusty,34,3,64.5
Dusty,34,4,65.0
Dusty,34,5,65.5
Dusty,34,6,66.0
Dusty,34,7,66.5
Dusty,34,8,67.0
Dusty,34,9,67.5
Dusty,34,10,68.0
Dusty,34,11,68.5
Dusty,34,12,69.0
Dusty,34,13,69.5
Dusty,34,14,70.0
Dusty,34,15,70.5
Dusty,34,16,71.0
Dusty,34,17,71.5
Dusty,34,18,72.0
Dusty,34,19,72.5
Dusty,34,20,73.0
Dusty,34,21,73.5
Dusty,34,22,74.0
Dusty,34,23,74.5
Dusty,34,24,75.0
Dusty,34,25,75.5
Dusty,34,26,76.0
Dusty,34,27,76.5
Dusty,34,28,77.0
Dusty,34,29,77.5
Dusty,34,30,78.0
Dusty,34,31,78.5
Dusty,34,32,79.0
Dusty,34,33,79.5
Dusty,34,34,80.0
Dusty,34,35,79.5
Dusty,34,36,79.0
Dusty,34,37,78.5
Dusty,34,38,78.0
Dusty,34,39,77.5
Dusty,34,40,77.0
Dusty,34,41,76.5
Dusty,34,42,76.0
Dusty,34,43,75.5
Dusty,34,44,75.0
Dusty,34,45,74.5
Electrical-damage,8,0,46.0
Electrical-damage,8,1,46.5
Electrical-damage,8,2,47.0
Electrical-damage,8,3,47.5
Electrical-damage,8,4,48.0
Electrical-damage,8,5,48.5
Electrical-damage,8,6,49.0
Electrical-damage,8,7,49.5
Electrical-damage,8,8,50.0
Electrical-damage,8,9,49.5
Electrical-damage,8,10,49.0
Electrical-damage,8,11,48.5
Electrical-damage,8,12,48.0
Electrical-damage,8,13,47.5
Electrical-damage,8,14,47.0
Electrical-damage,8,15,46.5
Electrical-damage,8,16,46.0
Electrical-damage,8,17,45.5
Electrical-damage,8,18,45.0
Electrical-damage,8,19,44.5
Electrical-damage,8,20,44.0
Electrical-damage,8,21,43.5
Electrical-damage,8,22,43.0
Electrical-damage,8,23,42.5
Electrical-damage,8,24,42.0
Electrical-damage,8,25,41.5
Electrical-damage,8,26,41.0
Electrical-damage,8,27,40.5
Electrical-damage,8,28,40.0
Electrical-damage,8,29,39.5
Electrical-damage,8,30,39.0
Electrical-damage,8,31,38.5
Electrical-damage,8,32,38.0
Electrical-damage,8,33,37.5
Electrical-damage,8,34,37.0
Electrical-damage,8,35,36.5
Electrical-damage,8,36,36.0
Electrical-damage,8,37,35.5
Electrical-damage,8,38,35.0
Electrical-damage,8,39,34.5
Electrical-damage,8,40,34.0
Electrical-damage,8,41,33.5
Electrical-damage,8,42,33.0
Electrical-damage,8,43,32.5
Electrical-damage,8,44,32.0
Electrical-damage,8,45,31.5
Electrical-damage,10,0,45.0
Electrical-damage,10,1,45.5
Electrical-damage,10,2,46.0
Electrical-damage,10,3,46.5
Electrical-damage,10,4,47.0
Electrical-damage,10,5,47.5
Electrical-damage,10,6,48.0
Electrical-damage,10,7,48.5
Electrical-damage,10,8,49.0
Electrical-damage,10,9,49.5
Electrical-damage,10,10,50.0
Electrical-damage,10,11,49.5
Electrical-damage,10,12,49.0
Electrical-damage,10,13,48.5
Electrical-damage,10,14,48.0
Electrical-damage,10,15,47.5
Electrical-damage,10,16,47.0
Electrical-damage,10,17,46.5
Electrical-damage,10,18,46.0
Electrical-damage,10,19,45.5
Electrical-damage,10,20,45.0
Electrical-damage,10,21,44.5
Electrical-damage,10,22,44.0
Electrical-damage,10,23,43.5
Electrical-damage,10,24,43.0
Electrical-damage,10,25,42.5
Electrical-damage,10,26,42.0
Electrical-damage,10,27,41.5
Electrical-damage,10,28,41.0
Electrical-damage,10,29,40.5
Electrical-damage,10,30,40.0
Electrical-damage,10,31,39.5
Electrical-damage,10,32,39.0
Electrical-damage,10,33,38.5
Electrical-damage,10,34,38.0
Electrical-damage,10,35,37.5
Electrical-damage,10,36,37.0
Electrical-damage,10,37,36.5
Electrical-damage,10,38,36.0
Electrical-damage,10,39,35.5
Electrical-damage,10,40,35.0
Electrical-damage,10,41,34.5
Electrical-damage,10,42,34.0
Electrical-damage,10,43,33.5
Electrical-damage,10,44,33.0
Electrical-damage,10,45,32.5
Electrical-damage,12,0,44.0
Electrical-damage,12,1,44.5
Electrical-damage,12,2,45.0
Electrical-damage,12,3,45.5
Electrical-damage,12,4,46.0
Electrical-damage,12,5,46.5
Electrical-damage,12,6,47.0
Electrical-damage,12,7,47.5
Electrical-damage,12,8,48.0
Electrical-damage,12,9,48.5
Electrical-damage,12,10,49.0
Electrical-damage,12,11,49.5
Electrical-damage,12,12,50.0
Electrical-damage,12,13,49.5
Electrical-damage,12,14,49.0
Electrical-damage,12,15,48.5
Electrical-damage,12,16,48.0
Electrical-damage,12,17,47.5
Electrical-damage,12,18,47.0
Electrical-damage,12,19,46.5
Electrical-damage,12,20,46.0
Electrical-damage,12,21,45.5
Electrical-damage,12,22,45.0
Electrical-damage,12,23,44.5
Electrical-damage,12,24,44.0
Electrical-damage,12,25,43.5
Electrical-damage,12,26,43.0
Electrical-damage,12,27,42.5
Electrical-damage,12,28,42.0
Electrical-damage,12,29,41.5
Electrical-damage,12,30,41.0
Electrical-damage,12,31,40.5
Electrical-damage,12,32,40.0
Electrical-damage,12,33,39.5
Electrical-damage,12,34,39.0
Electrical-damage,12,35,38.5
Electrical-damage,12,36,38.0
Electrical-damage,12,37,37.5
Electrical-damage,12,38,37.0
Electrical-damage,12,39,36.5
Electrical-damage,12,40,36.0
Electrical-damage,12,41,35.5
Electrical-damage,12,42,35.0
Electrical-damage,12,43,34.5
Electrical-damage,12,44,34.0
Electrical-damage,12,45,33.5
Electrical-damage,14,0,43.0
Electrical-damage,14,1,43.5
Electrical-damage,14,2,44.0
Electrical-damage,14,3,44.5
Electrical-damage,14,4,45.0
Electrical-damage,14,5,45.5
Electrical-damage,14,6,46.0
Electrical-damage,14,7,46.5
Electrical-damage,14,8,47.0
Electrical-damage,14,9,47.5
Electrical-damage,14,10,48.0
Electrical-damage,14,11,48.5
Electrical-damage,14,12,49.0
Electrical-damage,14,13,49.5
Electrical-damage,14,14,50.0
Electrical-damage,14,15,49.5
Electrical-damage,14,16,49.0
Electrical-damage,14,17,48.5
Electrical-damage,14,18,48.0
Electrical-damage,14,19,47.5
Electrical-damage,14,20,47.0
Electrical-damage,14,21,46.5
Electrical-damage,14,22,46.0
Electrical-damage,14,23,45.5
Electrical-damage,14,24,45.0
Electrical-damage,14,25,44.5
Electrical-damage,14,26,44.0
Electrical-damage,14,27,43.5
Electrical-damage,14,28,43.0
Electrical-damage,14,29,42.5
Electrical-damage,14,30,42.0
Electrical-damage,14,31,41.5
Electrical-damage,14,32,41.0
Electrical-damage,14,33,40.5
Electrical-damage,14,34,40.0
Electrical-damage,14,35,39.5
Electrical-damage,14,36,39.0
Electrical-damage,14,37,38.5
Electrical-damage,14,38,38.0
Electrical-damage,14,39,37.5
Electrical-damage,14,40,37.0
Electrical-damage,14,41,36.5
Electrical-damage,14,42,36.0
Electrical-damage,14,43,35.5
Electrical-damage,14,44,35.0
Electrical-damage,14,45,34.5
Electrical-damage,16,0,42.0
Electrical-damage,16,1,42.5
Electrical-damage,16,2,43.0
Electrical-damage,16,3,43.5
Electrical-damage,16,4,44.0
Electrical-damage,16,5,44.5
Electrical-damage,16,6,45.0
Electrical-damage,16,7,45.5
Electrical-damage,16,8,46.0
Electrical-damage,16,9,46.5
Electrical-damage,16,10,47.0
Electrical-damage,16,11,47.5
Electrical-damage,16,12,48.0
Electrical-damage,16,13,48.5
Electrical-damage,16,14,49.0
Electrical-damage,16,15,49.5
Electrical-damage,16,16,50.0
Electrical-damage,16,17,49.5
Electrical-damage,16,18,49.0
Electrical-damage,16,19,48.5
Electrical-damage,16,20,48.0
Electrical-damage,16,21,47.5
Electrical-damage,16,22,47.0
Electrical-damage,16,23,46.5
Electrical-damage,16,24,46.0
Electrical-damage,16,25,45.5
Electrical-damage,16,26,45.0
Electrical-damage,16,27,44.5
Electrical-damage,16,28,44.0
Electrical-damage,16,29,43.5
Electrical-damage,16,30,43.0
Electrical-damage,16,31,42.5
Electrical-damage,16,32,42.0
Electrical-damage,16,33,41.5
Electrical-damage,16,34,41.0
Electrical-damage,16,35,40.5
Electrical-damage,16,36,40.0
Electrical-damage,16,37,39.5
Electrical-damage,16,38,39.0
Electrical-damage,16,39,38.5
Electrical-damage,16,40,38.0
Electrical-damage,16,41,37.5
Electrical-damage,16,42,37.0
Electrical-damage,16,43,36.5
Electrical-damage,16,44,36.0
Electrical-damage,16,45,35.5
Electrical-damage,18,0,41.0
Electrical-damage,18,1,41.5
Electrical-damage,18,2,42.0
Electrical-damage,18,3,42.5
Electrical-damage,18,4,43.0
Electrical-damage,18,5,43.5
Electrical-damage,18,6,44.0
Electrical-damage,18,7,44.5
Electrical-damage,18,8,45.0
Electrical-damage,18,9,45.5
Electrical-damage,18,10,46.0
Electrical-damage,18,11,46.5
Electrical-damage,18,12,47.0
Electrical-damage,18,13,47.5
Electrical-damage,18,14,48.0
Electrical-damage,18,15,48.5
Electrical-damage,18,16,49.0
Electrical-damage,18,17,49.5
Electrical-damage,18,18,50.0
Electrical-damage,18,19,49.5
Electrical-damage,18,20,49.0
Electrical-damage,18,21,48.5
Electrical-damage,18,22,48.0
Electrical-damage,18,23,47.5
Electrical-damage,18,24,47.0
Electrical-damage,18,25,46.5
Electrical-damage,18,26,46.0
Electrical-damage,18,27,45.5
Electrical-damage,18,28,45.0
Electrical-damage,18,29,44.5
Electrical-damage,18,30,44.0
Electrical-damage,18,31,43.5
Electrical-damage,18,32,43.0
Electrical-damage,18,33,42.5
Electrical-damage,18,34,42.0
Electrical-damage,18,35,41.5
Electrical-damage,18,36,41.0
Electrical-damage,18,37,40.5
Electrical-damage,18,38,40.0
Electrical-damage,18,39,39.5
Electrical-damage,18,40,39.0
Electrical-damage,18,41,38.5
Electrical-damage,18,42,38.0
Electrical-damage,18,43,37.5
Electrical-damage,18,44,37.0
Electrical-damage,18,45,36.5
Electrical-damage,20,0,40.0
Electrical-damage,20,1,40.5
Electrical-damage,20,2,41.0
Electrical-damage,20,3,41.5
Electrical-damage,20,4,42.0
Electrical-damage,20,5,42.5
Electrical-damage,20,6,43.0
Electrical-damage,20,7,43.5
Electrical-damage,20,8,44.0
Electrical-damage,20,9,44.5
Electrical-damage,20,10,45.0
Electrical-damage,20,11,45.5
Electrical-damage,20,12,46.0
Electrical-damage,20,13,46.5
Electrical-damage,20,14,47.0
Electrical-damage,20,15,47.5
Electrical-damage,20,16,48.0
Electrical-damage,20,17,48.5
Electrical-damage,20,18,49.0
Electrical-damage,20,19,49.5
Electrical-damage,20,20,50.0
Electrical-damage,20,21,49.5
Electrical-damage,20,22,49.0
Electrical-damage,20,23,48.5
Electrical-damage,20,24,48.0
Electrical-damage,20,25,47.5
Electrical-damage,20,26,47.0
Electrical-damage,20,27,46.5
Electrical-damage,20,28,46.0
Electrical-damage,20,29,45.5
Electrical-damage,20,30,45.0
Electrical-damage,20,31,44.5
Electrical-damage,20,32,44.0
Electrical-damage,20,33,43.5
Electrical-damage,20,34,43.0
Electrical-damage,20,35,42.5
Electrical-damage,20,36,42.0
Electrical-damage,20,37,41.5
Electrical-damage,20,38,41.0
Electrical-damage,20,39,40.5
Electrical-damage,20,40,40.0
Electrical-damage,20,41,39.5
Electrical-damage,20,42,39.0
Electrical-damage,20,43,38.5
Electrical-damage,20,44,38.0
Electrical-damage,20,45,37.5
Electrical-damage,22,0,39.0
Electrical-damage,22,1,39.5
Electrical-damage,22,2,40.0
Electrical-damage,22,3,40.5
Electrical-damage,22,4,41.0
Electrical-damage,22,5,41.5
Electrical-damage,22,6,42.0
Electrical-damage,22,7,42.5
Electrical-damage,22,8,43.0
Electrical-damage,22,9,43.5
Electrical-damage,22,10,44.0
Electrical-damage,22,11,44.5
Electrical-damage,22,12,45.0
Electrical-damage,22,13,45.5
Electrical-damage,22,14,46.0
Electrical-damage,22,15,46.5
Electrical-damage,22,16,47.0
Electrical-damage,22,17,47.5
Electrical-damage,22,18,48.0
Electrical-damage,22,19,48.5
Electrical-damage,22,20,49.0
Electrical-damage,22,21,49.5
Electrical-damage,22,22,50.0
Electrical-damage,22,23,49.5
Electrical-damage,22,24,49.0
Electrical-damage,22,25,48.5
Electrical-damage,22,26,48.0
Electrical-damage,22,27,47.5
Electrical-damage,22,28,47.0
Electrical-damage,22,29,46.5
Electrical-damage,22,30,46.0
Electrical-damage,22,31,45.5
Electrical-damage,22,32,45.0
Electrical-damage,22,33,44.5
Electrical-damage,22,34,44.0
Electrical-damage,22,35,43.5
Electrical-damage,22,36,43.0
Electrical-damage,22,37,42.5
Electrical-damage,22,38,42.0
Electrical-damage,22,39,41.5
Electrical-damage,22,40,41.0
Electrical-damage,22,41,40.5
Electrical-damage,22,42,40.0
Electrical-damage,22,43,39.5
Electrical-damage,22,44,39.0
Electrical-damage,22,45,38.5
Electrical-damage,24,0,38.0
Electrical-damage,24,1,38.5
Electrical-damage,24,2,39.0
Electrical-damage,24,3,39.5
Electrical-damage,24,4,40.0
Electrical-damage,24,5,40.5
Electrical-damage,24,6,41.0
Electrical-damage,24,7,41.5
Electrical-damage,24,8,42.0
Electrical-damage,24,9,42.5
Electrical-damage,24,10,43.0
Electrical-damage,24,11,43.5
Electrical-damage,24,12,44.0
Electrical-damage,24,13,44.5
Electrical-damage,24,14,45.0
Electrical-damage,24,15,45.5
Electrical-damage,24,16,46.0
Electrical-damage,24,17,46.5
Electrical-damage,24,18,47.0
Electrical-damage,24,19,47.5
Electrical-damage,24,20,48.0
Electrical-damage,24,21,48.5
Electrical-damage,24,22,49.0
Electrical-damage,24,23,49.5
Electrical-damage,24,24,50.0
Electrical-damage,24,25,49.5
Electrical-damage,24,26,49.0
Electrical-damage,24,27,48.5
Electrical-damage,24,28,48.0
Electrical-damage,24,29,47.5
Electrical-damage,24,30,47.0
Electrical-damage,24,31,46.5
Electrical-damage,24,32,46.0
Electrical-damage,24,33,45.5
Electrical-damage,24,34,45.0
Electrical-damage,24,35,44.5
Electrical-damage,24,36,44.0
Electrical-damage,24,37,43.5
Electrical-damage,24,38,43.0
Electrical-damage,24,39,42.5
Electrical-damage,24,40,42.0
Electrical-damage,24,41,41.5
Electrical-damage,24,42,41.0
Electrical-damage,24,43,40.5
Electrical-damage,24,44,40.0
Electrical-damage,24,45,39.5
Electrical-damage,26,0,37.0
Electrical-damage,26,1,37.5
Electrical-damage,26,2,38.0
Electrical-damage,26,3,38.5
Electrical-damage,26,4,39.0
Electrical-damage,26,5,39.5
Electrical-damage,26,6,40.0
Electrical-damage,26,7,40.5
Electrical-damage,26,8,41.0
Electrical-damage,26,9,41.5
Electrical-damage,26,10,42.0
Electrical-damage,26,11,42.5
Electrical-damage,26,12,43.0
Electrical-damage,26,13,43.5
Electrical-damage,26,14,44.0
Electrical-damage,26,15,44.5
Electrical-damage,26,16,45.0
Electrical-damage,26,17,45.5
Electrical-damage,26,18,46.0
Electrical-damage,26,19,46.5
Electrical-damage,26,20,47.0
Electrical-damage,26,21,47.5
Electrical-damage,26,22,48.0
Electrical-damage,26,23,48.5
Electrical-damage,26,24,49.0
Electrical-damage,26,25,49.5
Electrical-damage,26,26,50.0
Electrical-damage,26,27,49.5
Electrical-damage,26,28,49.0
Electrical-damage,26,29,48.5
Electrical-damage,26,30,48.0
Electrical-damage,26,31,47.5
Electrical-damage,26,32,47.0
Electrical-damage,26,33,46.5
Electrical-damage,26,34,46.0
Electrical-damage,26,35,45.5
Electrical-damage,26,36,45.0
Electrical-damage,26,37,44.5
Electrical-damage,26,38,44.0
Electrical-damage,26,39,43.5
Electrical-damage,26,40,43.0
Electrical-damage,26,41,42.5
Electrical-damage,26,42,42.0
Electrical-damage,26,43,41.5
Electrical-damage,26,44,41.0
Electrical-damage,26,45,40.5
Electrical-damage,28,0,36.0
Electrical-damage,28,1,36.5
Electrical-damage,28,2,37.0
Electrical-damage,28,3,37.5
Electrical-damage,28,4,38.0
Electrical-damage,28,5,38.5
Electrical-damage,28,6,39.0
Electrical-damage,28,7,39.5
Electrical-damage,28,8,40.0
Electrical-damage,28,9,40.5
Electrical-damage,28,10,41.0
Electrical-damage,28,11,41.5
Electrical-damage,28,12,42.0
Electrical-damage,28,13,42.5
Electrical-damage,28,14,43.0
Electrical-damage,28,15,43.5
Electrical-damage,28,16,44.0
Electrical-damage,28,17,44.5
Electrical-damage,28,18,45.0
Electrical-damage,28,19,45.5
Electrical-damage,28,20,46.0
Electrical-damage,28,21,46.5
Electrical-damage,28,22,47.0
Electrical-damage,28,23,47.5
Electrical-damage,28,24,48.0
Electrical-damage,28,25,48.5
Electrical-damage,28,26,49.0
Electrical-damage,28,27,49.5
Electrical-damage,28,28,50.0
Electrical-damage,28,29,49.5
Electrical-damage,28,30,49.0
Electrical-damage,28,31,48.5
Electrical-damage,28,32,48.0
Electrical-damage,28,33,47.5
Electrical-damage,28,34,47.0
Electrical-damage,28,35,46.5
Electrical-damage,28,36,46.0
Electrical-damage,28,37,45.5
Electrical-damage,28,38,45.0
Electrical-damage,28,39,44.5
Electrical-damage,28,40,44.0
Electrical-damage,28,41,43.5
Electrical-damage,28,42,43.0
Electrical-damage,28,43,42.5
Electrical-damage,28,44,42.0
Electrical-damage,28,45,41.5
Electrical-damage,30,0,35.0
Electrical-damage,30,1,35.5
Electrical-damage,30,2,36.0
Electrical-damage,30,3,36.5
Electrical-damage,30,4,37.0
Electrical-damage,30,5,37.5
Electrical-damage,30,6,38.0
Electrical-damage,30,7,38.5
Electrical-damage,30,8,39.0
Electrical-damage,30,9,39.5
Electrical-damage,30,10,40.0
Electrical-damage,30,11,40.5
Electrical-damage,30,12,41.0
Electrical-damage,30,13,41.5
Electrical-damage,30,14,42.0
Electrical-damage,30,15,42.5
Electrical-damage,30,16,43.0
Electrical-damage,30,17,43.5
Electrical-damage,30,18,44.0
Electrical-damage,30,19,44.5
Electrical-damage,30,20,45.0
Electrical-damage,30,21,45.5
Electrical-damage,30,22,46.0
Electrical-damage,30,23,46.5
Electrical-damage,30,24,47.0
Electrical-damage,30,25,47.5
Electrical-damage,30,26,48.0
Electrical-damage,30,27,48.5
Electrical-damage,30,28,49.0
Electrical-damage,30,29,49.5
Electrical-damage,30,30,50.0
Electrical-damage,30,31,49.5
Electrical-damage,30,32,49.0
Electrical-damage,30,33,48.5
Electrical-damage,30,34,48.0
Electrical-damage,30,35,47.5
Electrical-damage,30,36,47.0
Electrical-damage,30,37,46.5
Electrical-damage,30,38,46.0
Electrical-damage,30,39,45.5
Electrical-damage,30,40,45.0
Electrical-damage,30,41,44.5
Electrical-damage,30,42,44.0
Electrical-damage,30,43,43.5
Electrical-damage,30,44,43.0
Electrical-damage,30,45,42.5
Electrical-damage,32,0,34.0
Electrical-damage,32,1,34.5
Electrical-damage,32,2,35.0
Electrical-damage,32,3,35.5
Electrical-damage,32,4,36.0
Electrical-damage,32,5,36.5
Electrical-damage,32,6,37.0
Electrical-damage,32,7,37.5
Electrical-damage,32,8,38.0
Electrical-damage,32,9,38.5
Electrical-damage,32,10,39.0
Electrical-damage,32,11,39.5
Electrical-damage,32,12,40.0
Electrical-damage,32,13,40.5
Electrical-damage,32,14,41.0
Electrical-damage,32,15,41.5
Electrical-damage,32,16,42.0
Electrical-damage,32,17,42.5
Electrical-damage,32,18,43.0
Electrical-damage,32,19,43.5
Electrical-damage,32,20,44.0
Electrical-damage,32,21,44.5
Electrical-damage,32,22,45.0
Electrical-damage,32,23,45.5
Electrical-damage,32,24,46.0
Electrical-damage,32,25,46.5
Electrical-damage,32,26,47.0
Electrical-damage,32,27,47.5
Electrical-damage,32,28,48.0
Electrical-damage,32,29,48.5
Electrical-damage,32,30,49.0
Electrical-damage,32,31,49.5
Electrical-damage,32,32,50.0
Electrical-damage,32,33,49.5
Electrical-damage,32,34,49.0
Electrical-damage,32,35,48.5
Electrical-damage,32,36,48.0
Electrical-damage,32,37,47.5
Electrical-damage,32,38,47.0
Electrical-damage,32,39,46.5
Electrical-damage,32,40,46.0
Electrical-damage,32,41,45.5
Electrical-damage,32,42,45.0
Electrical-damage,32,43,44.5
Electrical-damage,32,44,44.0
Electrical-damage,32,45,43.5
Electrical-damage,34,0,33.0
Electrical-damage,34,1,33.5
Electrical-damage,34,2,34.0
Electrical-damage,34,3,34.5
Electrical-damage,34,4,35.0
Electrical-damage,34,5,35.5
Electrical-damage,34,6,36.0
Electrical-damage,34,7,36.5
Electrical-damage,34,8,37.0
Electrical-damage,34,9,37.5
Electrical-damage,34,10,38.0
Electrical-damage,34,11,38.5
Electrical-damage,34,12,39.0
Electrical-damage,34,13,39.5
Electrical-damage,34,14,40.0
Electrical-damage,34,15,40.5
Electrical-damage,34,16,41.0
Electrical-damage,34,17,41.5
Electrical-damage,34,18,42.0
Electrical-damage,34,19,42.5
Electrical-damage,34,20,43.0
Electrical-damage,34,21,43.5
Electrical-damage,34,22,44.0
Electrical-damage,34,23,44.5
Electrical-damage,34,24,45.0
Electrical-damage,34,25,45.5
Electrical-damage,34,26,46.0
Electrical-damage,34,27,46.5
Electrical-damage,34,28,47.0
Electrical-damage,34,29,47.5
Electrical-damage,34,30,48.0
Electrical-damage,34,31,48.5
Electrical-damage,34,32,49.0
Electrical-damage,34,33,49.5
Electrical-damage,34,34,50.0
Electrical-damage,34,35,49.5
Electrical-damage,34,36,49.0
Electrical-damage,34,37,48.5
Electrical-damage,34,38,48.0
Electrical-damage,34,39,47.5
Electrical-damage,34,40,47.0
Electrical-damage,34,41,46.5
Electrical-damage,34,42,46.0
Electrical-damage,34,43,45.5
Electrical-damage,34,44,45.0
Electrical-damage,34,45,44.5
Physical-damage,8,0,36.0
Physical-damage,8,1,36.5
Physical-damage,8,2,37.0
Physical-damage,8,3,37.5
Physical-damage,8,4,38.0
Physical-damage,8,5,38.5
Physical-damage,8,6,39.0
Physical-damage,8,7,39.5
Physical-damage,8,8,40.0
Physical-damage,8,9,39.5
Physical-damage,8,10,39.0
Physical-damage,8,11,38.5
Physical-damage,8,12,38.0
Physical-damage,8,13,37.5
Physical-damage,8,14,37.0
Physical-damage,8,15,36.5
Physical-damage,8,16,36.0
Physical-damage,8,17,35.5
Physical-damage,8,18,35.0
Physical-damage,8,19,34.5
Physical-damage,8,20,34.0
Physical-damage,8,21,33.5
Physical-damage,8,22,33.0
Physical-damage,8,23,32.5
Physical-damage,8,24,32.0
Physical-damage,8,25,31.5
Physical-damage,8,26,31.0
Physical-damage,8,27,30.5
Physical-damage,8,28,30.0
Physical-damage,8,29,29.5
Physical-damage,8,30,29.0
Physical-damage,8,31,28.5
Physical-damage,8,32,28.0
Physical-damage,8,33,27.5
Physical-damage,8,34,27.0
Physical-damage,8,35,26.5
Physical-damage,8,36,26.0
Physical-damage,8,37,25.5
Physical-damage,8,38,25.0
Physical-damage,8,39,24.5
Physical-damage,8,40,24.0
Physical-damage,8,41,23.5
Physical-damage,8,42,23.0
Physical-damage,8,43,22.5
Physical-damage,8,44,22.0
Physical-damage,8,45,21.5
Physical-damage,10,0,35.0
Physical-damage,10,1,35.5
Physical-damage,10,2,36.0
Physical-damage,10,3,36.5
Physical-damage,10,4,37.0
Physical-damage,10,5,37.5
Physical-damage,10,6,38.0
Physical-damage,10,7,38.5
Physical-damage,10,8,39.0
Physical-damage,10,9,39.5
Physical-damage,10,10,40.0
Physical-damage,10,11,39.5
Physical-damage,10,12,39.0
Physical-damage,10,13,38.5
Physical-damage,10,14,38.0
Physical-damage,10,15,37.5
Physical-damage,10,16,37.0
Physical-damage,10,17,36.5
Physical-damage,10,18,36.0
Physical-damage,10,19,35.5
Physical-damage,10,20,35.0
Physical-damage,10,21,34.5
Physical-damage,10,22,34.0
Physical-damage,10,23,33.5
Physical-damage,10,24,33.0
Physical-damage,10,25,32.5
Physical-damage,10,26,32.0
Physical-damage,10,27,31.5
Physical-damage,10,28,31.0
Physical-damage,10,29,30.5
Physical-damage,10,30,30.0
Physical-damage,10,31,29.5
Physical-damage,10,32,29.0
Physical-damage,10,33,28.5
Physical-damage,10,34,28.0
Physical-damage,10,35,27.5
Physical-damage,10,36,27.0
Physical-damage,10,37,26.5
Physical-damage,10,38,26.0
Physical-damage,10,39,25.5
Physical-damage,10,40,25.0
Physical-damage,10,41,24.5
Physical-damage,10,42,24.0
Physical-damage,10,43,23.5
Physical-damage,10,44,23.0
Physical-damage,10,45,22.5
Physical-damage,12,0,34.0
Physical-damage,12,1,34.5
Physical-damage,12,2,35.0
Physical-damage,12,3,35.5
Physical-damage,12,4,36.0
Physical-damage,12,5,36.5
Physical-damage,12,6,37.0
Physical-damage,12,7,37.5
Physical-damage,12,8,38.0
Physical-damage,12,9,38.5
Physical-damage,12,10,39.0
Physical-damage,12,11,39.5
Physical-damage,12,12,40.0
Physical-damage,12,13,39.5
Physical-damage,12,14,39.0
Physical-damage,12,15,38.5
Physical-damage,12,16,38.0
Physical-damage,12,17,37.5
Physical-damage,12,18,37.0
Physical-damage,12,19,36.5
Physical-damage,12,20,36.0
Physical-damage,12,21,35.5
Physical-damage,12,22,35.0
Physical-damage,12,23,34.5
Physical-damage,12,24,34.0
Physical-damage,12,25,33.5
Physical-damage,12,26,33.0
Physical-damage,12,27,32.5
Physical-damage,12,28,32.0
Physical-damage,12,29,31.5
Physical-damage,12,30,31.0
Physical-damage,12,31,30.5
Physical-damage,12,32,30.0
Physical-damage,12,33,29.5
Physical-damage,12,34,29.0
Physical-damage,12,35,28.5
Physical-damage,12,36,28.0
Physical-damage,12,37,27.5
Physical-damage,12,38,27.0
Physical-damage,12,39,26.5
Physical-damage,12,40,26.0
Physical-damage,12,41,25.5
Physical-damage,12,42,25.0
Physical-damage,12,43,24.5
Physical-damage,12,44,24.0
Physical-damage,12,45,23.5
Physical-damage,14,0,33.0
Physical-damage,14,1,33.5
Physical-damage,14,2,34.0
Physical-damage,14,3,34.5
Physical-damage,14,4,35.0
Physical-damage,14,5,35.5
Physical-damage,14,6,36.0
Physical-damage,14,7,36.5
Physical-damage,14,8,37.0
Physical-damage,14,9,37.5
Physical-damage,14,10,38.0
Physical-damage,14,11,38.5
Physical-damage,14,12,39.0
Physical-damage,14,13,39.5
Physical-damage,14,14,40.0
Physical-damage,14,15,39.5
Physical-damage,14,16,39.0
Physical-damage,14,17,38.5
Physical-damage,14,18,38.0
Physical-damage,14,19,37.5
Physical-damage,14,20,37.0
Physical-damage,14,21,36.5
Physical-damage,14,22,36.0
Physical-damage,14,23,35.5
Physical-damage,14,24,35.0
Physical-damage,14,25,34.5
Physical-damage,14,26,34.0
Physical-damage,14,27,33.5
Physical-damage,14,28,33.0
Physical-damage,14,29,32.5
Physical-damage,14,30,32.0
Physical-damage,14,31,31.5
Physical-damage,14,32,31.0
Physical-damage,14,33,30.5
Physical-damage,14,34,30.0
Physical-damage,14,35,29.5
Physical-damage,14,36,29.0
Physical-damage,14,37,28.5
Physical-damage,14,38,28.0
Physical-damage,14,39,27.5
Physical-damage,14,40,27.0
Physical-damage,14,41,26.5
Physical-damage,14,42,26.0
Physical-damage,14,43,25.5
Physical-damage,14,44,25.0
Physical-damage,14,45,24.5
Physical-damage,16,0,32.0
Physical-damage,16,1,32.5
Physical-damage,16,2,33.0
Physical-damage,16,3,33.5
Physical-damage,16,4,34.0
Physical-damage,16,5,34.5
Physical-damage,16,6,35.0
Physical-damage,16,7,35.5
Physical-damage,16,8,36.0
Physical-damage,16,9,36.5
Physical-damage,16,10,37.0
Physical-damage,16,11,37.5
Physical-damage,16,12,38.0
Physical-damage,16,13,38.5
Physical-damage,16,14,39.0
Physical-damage,16,15,39.5
Physical-damage,16,16,40.0
Physical-damage,16,17,39.5
Physical-damage,16,18,39.0
Physical-damage,16,19,38.5
Physical-damage,16,20,38.0
Physical-damage,16,21,37.5
Physical-damage,16,22,37.0
Physical-damage,16,23,36.5
Physical-damage,16,24,36.0
Physical-damage,16,25,35.5
Physical-damage,16,26,35.0
Physical-damage,16,27,34.5
Physical-damage,16,28,34.0
Physical-damage,16,29,33.5
Physical-damage,16,30,33.0
Physical-damage,16,31,32.5
Physical-damage,16,32,32.0
Physical-damage,16,33,31.5
Physical-damage,16,34,31.0
Physical-damage,16,35,30.5
Physical-damage,16,36,30.0
Physical-damage,16,37,29.5
Physical-damage,16,38,29.0
Physical-damage,16,39,28.5
Physical-damage,16,40,28.0
Physical-damage,16,41,27.5
Physical-damage,16,42,27.0
Physical-damage,16,43,26.5
Physical-damage,16,44,26.0
Physical-damage,16,45,25.5
Physical-damage,18,0,31.0
Physical-damage,18,1,31.5
Physical-damage,18,2,32.0
Physical-damage,18,3,32.5
Physical-damage,18,4,33.0
Physical-damage,18,5,33.5
Physical-damage,18,6,34.0
Physical-damage,18,7,34.5
Physical-damage,18,8,35.0
Physical-damage,18,9,35.5
Physical-damage,18,10,36.0
Physical-damage,18,11,36.5
Physical-damage,18,12,37.0
Physical-damage,18,13,37.5
Physical-damage,18,14,38.0
Physical-damage,18,15,38.5
Physical-damage,18,16,39.0
Physical-damage,18,17,39.5
Physical-damage,18,18,40.0
Physical-damage,18,19,39.5
Physical-damage,18,20,39.0
Physical-damage,18,21,38.5
Physical-damage,18,22,38.0
Physical-damage,18,23,37.5
Physical-damage,18,24,37.0
Physical-damage,18,25,36.5
Physical-damage,18,26,36.0
Physical-damage,18,27,35.5
Physical-damage,18,28,35.0
Physical-damage,18,29,34.5
Physical-damage,18,30,34.0
Physical-damage,18,31,33.5
Physical-damage,18,32,33.0
Physical-damage,18,33,32.5
Physical-damage,18,34,32.0
Physical-damage,18,35,31.5
Physical-damage,18,36,31.0
Physical-damage,18,37,30.5
Physical-damage,18,38,30.0
Physical-damage,18,39,29.5
Physical-damage,18,40,29.0
Physical-damage,18,41,28.5
Physical-damage,18,42,28.0
Physical-damage,18,43,27.5
Physical-damage,18,44,27.0
Physical-damage,18,45,26.5
Physical-damage,20,0,30.0
Physical-damage,20,1,30.5
Physical-damage,20,2,31.0
Physical-damage,20,3,31.5
Physical-damage,20,4,32.0
Physical-damage,20,5,32.5
Physical-damage,20,6,33.0
Physical-damage,20,7,33.5
Physical-damage,20,8,34.0
Physical-damage,20,9,34.5
Physical-damage,20,10,35.0
Physical-damage,20,11,35.5
Physical-damage,20,12,36.0
Physical-damage,20,13,36.5
Physical-damage,20,14,37.0
Physical-damage,20,15,37.5
Physical-damage,20,16,38.0
Physical-damage,20,17,38.5
Physical-damage,20,18,39.0
Physical-damage,20,19,39.5
Physical-damage,20,20,40.0
Physical-damage,20,21,39.5
Physical-damage,20,22,39.0
Physical-damage,20,23,38.5
Physical-damage,20,24,38.0
Physical-damage,20,25,37.5
Physical-damage,20,26,37.0
Physical-damage,20,27,36.5
Physical-damage,20,28,36.0
Physical-damage,20,29,35.5
Physical-damage,20,30,35.0
Physical-damage,20,31,34.5
Physical-damage,20,32,34.0
Physical-damage,20,33,33.5
Physical-damage,20,34,33.0
Physical-damage,20,35,32.5
Physical-damage,20,36,32.0
Physical-damage,20,37,31.5
Physical-damage,20,38,31.0
Physical-damage,20,39,30.5
Physical-damage,20,40,30.0
Physical-damage,20,41,29.5
Physical-damage,20,42,29.0
Physical-damage,20,43,28.5
Physical-damage,20,44,28.0
Physical-damage,20,45,27.5
Physical-damage,22,0,29.0
Physical-damage,22,1,29.5
Physical-damage,22,2,30.0
Physical-damage,22,3,30.5
Physical-damage,22,4,31.0
Physical-damage,22,5,31.5
Physical-damage,22,6,32.0
Physical-damage,22,7,32.5
Physical-damage,22,8,33.0
Physical-damage,22,9,33.5
Physical-damage,22,10,34.0
Physical-damage,22,11,34.5
Physical-damage,22,12,35.0
Physical-damage,22,13,35.5
Physical-damage,22,14,36.0
Physical-damage,22,15,36.5
Physical-damage,22,16,37.0
Physical-damage,22,17,37.5
Physical-damage,22,18,38.0
Physical-damage,22,19,38.5
Physical-damage,22,20,39.0
Physical-damage,22,21,39.5
Physical-damage,22,22,40.0
Physical-damage,22,23,39.5
Physical-damage,22,24,39.0
Physical-damage,22,25,38.5
Physical-damage,22,26,38.0
Physical-damage,22,27,37.5
Physical-damage,22,28,37.0
Physical-damage,22,29,36.5
Physical-damage,22,30,36.0
Physical-damage,22,31,35.5
Physical-damage,22,32,35.0
Physical-damage,22,33,34.5
Physical-damage,22,34,34.0
Physical-damage,22,35,33.5
Physical-damage,22,36,33.0
Physical-damage,22,37,32.5
Physical-damage,22,38,32.0
Physical-damage,22,39,31.5
Physical-damage,22,40,31.0
Physical-damage,22,41,30.5
Physical-damage,22,42,30.0
Physical-damage,22,43,29.5
Physical-damage,22,44,29.0
Physical-damage,22,45,28.5
Physical-damage,24,0,28.0
Physical-damage,24,1,28.5
Physical-damage,24,2,29.0
Physical-damage,24,3,29.5
Physical-damage,24,4,30.0
Physical-damage,24,5,30.5
Physical-damage,24,6,31.0
Physical-damage,24,7,31.5
Physical-damage,24,8,32.0
Physical-damage,24,9,32.5
Physical-damage,24,10,33.0
Physical-damage,24,11,33.5
Physical-damage,24,12,34.0
Physical-damage,24,13,34.5
Physical-damage,24,14,35.0
Physical-damage,24,15,35.5
Physical-damage,24,16,36.0
Physical-damage,24,17,36.5
Physical-damage,24,18,37.0
Physical-damage,24,19,37.5
Physical-damage,24,20,38.0
Physical-damage,24,21,38.5
Physical-damage,24,22,39.0
Physical-damage,24,23,39.5
Physical-damage,24,24,40.0
Physical-damage,24,25,39.5
Physical-damage,24,26,39.0
Physical-damage,24,27,38.5
Physical-damage,24,28,38.0
Physical-damage,24,29,37.5
Physical-damage,24,30,37.0
Physical-damage,24,31,36.5
Physical-damage,24,32,36.0
Physical-damage,24,33,35.5
Physical-damage,24,34,35.0
Physical-damage,24,35,34.5
Physical-damage,24,36,34.0
Physical-damage,24,37,33.5
Physical-damage,24,38,33.0
Physical-damage,24,39,32.5
Physical-damage,24,40,32.0
Physical-damage,24,41,31.5
Physical-damage,24,42,31.0
Physical-damage,24,43,30.5
Physical-damage,24,44,30.0
Physical-damage,24,45,29.5
Physical-damage,26,0,27.0
Physical-damage,26,1,27.5
Physical-damage,26,2,28.0
Physical-damage,26,3,28.5
Physical-damage,26,4,29.0
Physical-damage,26,5,29.5
Physical-damage,26,6,30.0
Physical-damage,26,7,30.5
Physical-damage,26,8,31.0
Physical-damage,26,9,31.5
Physical-damage,26,10,32.0
Physical-damage,26,11,32.5
Physical-damage,26,12,33.0
Physical-damage,26,13,33.5
Physical-damage,26,14,34.0
Physical-damage,26,15,34.5
Physical-damage,26,16,35.0
Physical-damage,26,17,35.5
Physical-damage,26,18,36.0
Physical-damage,26,19,36.5
Physical-damage,26,20,37.0
Physical-damage,26,21,37.5
Physical-damage,26,22,38.0
Physical-damage,26,23,38.5
Physical-damage,26,24,39.0
Physical-damage,26,25,39.5
Physical-damage,26,26,40.0
Physical-damage,26,27,39.5
Physical-damage,26,28,39.0
Physical-damage,26,29,38.5
Physical-damage,26,30,38.0
Physical-damage,26,31,37.5
Physical-damage,26,32,37.0
Physical-damage,26,33,36.5
Physical-damage,26,34,36.0
Physical-damage,26,35,35.5
Physical-damage,26,36,35.0
Physical-damage,26,37,34.5
Physical-damage,26,38,34.0
Physical-damage,26,39,33.5
Physical-damage,26,40,33.0
Physical-damage,26,41,32.5
Physical-damage,26,42,32.0
Physical-damage,26,43,31.5
Physical-damage,26,44,31.0
Physical-damage,26,45,30.5
Physical-damage,28,0,26.0
Physical-damage,28,1,26.5
Physical-damage,28,2,27.0
Physical-damage,28,3,27.5
Physical-damage,28,4,28.0
Physical-damage,28,5,28.5
Physical-damage,28,6,29.0
Physical-damage,28,7,29.5
Physical-damage,28,8,30.0
Physical-damage,28,9,30.5
Physical-damage,28,10,31.0
Physical-damage,28,11,31.5
Physical-damage,28,12,32.0
Physical-damage,28,13,32.5
Physical-damage,28,14,33.0
Physical-damage,28,15,33.5
Physical-damage,28,16,34.0
Physical-damage,28,17,34.5
Physical-damage,28,18,35.0
Physical-damage,28,19,35.5
Physical-damage,28,20,36.0
Physical-damage,28,21,36.5
Physical-damage,28,22,37.0
Physical-damage,28,23,37.5
Physical-damage,28,24,38.0
Physical-damage,28,25,38.5
Physical-damage,28,26,39.0
Physical-damage,28,27,39.5
Physical-damage,28,28,40.0
Physical-damage,28,29,39.5
Physical-damage,28,30,39.0
Physical-damage,28,31,38.5
Physical-damage,28,32,38.0
Physical-damage,28,33,37.5
Physical-damage,28,34,37.0
Physical-damage,28,35,36.5
Physical-damage,28,36,36.0
Physical-damage,28,37,35.5
Physical-damage,28,38,35.0
Physical-damage,28,39,34.5
Physical-damage,28,40,34.0
Physical-damage,28,41,33.5
Physical-damage,28,42,33.0
Physical-damage,28,43,32.5
Physical-damage,28,44,32.0
Physical-damage,28,45,31.5
Physical-damage,30,0,25.0
Physical-damage,30,1,25.5
Physical-damage,30,2,26.0
Physical-damage,30,3,26.5
Physical-damage,30,4,27.0
Physical-damage,30,5,27.5
Physical-damage,30,6,28.0
Physical-damage,30,7,28.5
Physical-damage,30,8,29.0
Physical-damage,30,9,29.5
Physical-damage,30,10,30.0
Physical-damage,30,11,30.5
Physical-damage,30,12,31.0
Physical-damage,30,13,31.5
Physical-damage,30,14,32.0
Physical-damage,30,15,32.5
Physical-damage,30,16,33.0
Physical-damage,30,17,33.5
Physical-damage,30,18,34.0
Physical-damage,30,19,34.5
Physical-damage,30,20,35.0
Physical-damage,30,21,35.5
Physical-damage,30,22,36.0
Physical-damage,30,23,36.5
Physical-damage,30,24,37.0
Physical-damage,30,25,37.5
Physical-damage,30,26,38.0
Physical-damage,30,27,38.5
Physical-damage,30,28,39.0
Physical-damage,30,29,39.5
Physical-damage,30,30,40.0
Physical-damage,30,31,39.5
Physical-damage,30,32,39.0
Physical-damage,30,33,38.5
Physical-damage,30,34,38.0
Physical-damage,30,35,37.5
Physical-damage,30,36,37.0
Physical-damage,30,37,36.5
Physical-damage,30,38,36.0
Physical-damage,30,39,35.5
Physical-damage,30,40,35.0
Physical-damage,30,41,34.5
Physical-damage,30,42,34.0
Physical-damage,30,43,33.5
Physical-damage,30,44,33.0
Physical-damage,30,45,32.5
Physical-damage,32,0,24.0
Physical-damage,32,1,24.5
Physical-damage,32,2,25.0
Physical-damage,32,3,25.5
Physical-damage,32,4,26.0
Physical-damage,32,5,26.5
Physical-damage,32,6,27.0
Physical-damage,32,7,27.5
Physical-damage,32,8,28.0
Physical-damage,32,9,28.5
Physical-damage,32,10,29.0
Physical-damage,32,11,29.5
Physical-damage,32,12,30.0
Physical-damage,32,13,30.5
Physical-damage,32,14,31.0
Physical-damage,32,15,31.5
Physical-damage,32,16,32.0
Physical-damage,32,17,32.5
Physical-damage,32,18,33.0
Physical-damage,32,19,33.5
Physical-damage,32,20,34.0
Physical-damage,32,21,34.5
Physical-damage,32,22,35.0
Physical-damage,32,23,35.5
Physical-damage,32,24,36.0
Physical-damage,32,25,36.5
Physical-damage,32,26,37.0
Physical-damage,32,27,37.5
Physical-damage,32,28,38.0
Physical-damage,32,29,38.5
Physical-damage,32,30,39.0
Physical-damage,32,31,39.5
Physical-damage,32,32,40.0
Physical-damage,32,33,39.5
Physical-damage,32,34,39.0
Physical-damage,32,35,38.5
Physical-damage,32,36,38.0
Physical-damage,32,37,37.5
Physical-damage,32,38,37.0
Physical-damage,32,39,36.5
Physical-damage,32,40,36.0
Physical-damage,32,41,35.5
Physical-damage,32,42,35.0
Physical-damage,32,43,34.5
Physical-damage,32,44,34.0
Physical-damage,32,45,33.5
Physical-damage,34,0,23.0
Physical-damage,34,1,23.5
Physical-damage,34,2,24.0
Physical-damage,34,3,24.5
Physical-damage,34,4,25.0
Physical-damage,34,5,25.5
Physical-damage,34,6,26.0
Physical-damage,34,7,26.5
Physical-damage,34,8,27.0
Physical-damage,34,9,27.5
Physical-damage,34,10,28.0
Physical-damage,34,11,28.5
Physical-damage,34,12,29.0
Physical-damage,34,13,29.5
Physical-damage,34,14,30.0
Physical-damage,34,15,30.5
Physical-damage,34,16,31.0
Physical-damage,34,17,31.5
Physical-damage,34,18,32.0
Physical-damage,34,19,32.5
Physical-damage,34,20,33.0
Physical-damage,34,21,33.5
Physical-damage,34,22,34.0
Physical-damage,34,23,34.5
Physical-damage,34,24,35.0
Physical-damage,34,25,35.5
Physical-damage,34,26,36.0
Physical-damage,34,27,36.5
Physical-damage,34,28,37.0
Physical-damage,34,29,37.5
Physical-damage,34,30,38.0
Physical-damage,34,31,38.5
Physical-damage,34,32,39.0
Physical-damage,34,33,39.5
Physical-damage,34,34,40.0
Physical-damage,34,35,39.5
Physical-damage,34,36,39.0
Physical-damage,34,37,38.5
Physical-damage,34,38,38.0
Physical-damage,34,39,37.5
Physical-damage,34,40,37.0
Physical-damage,34,41,36.5
Physical-damage,34,42,36.0
Physical-damage,34,43,35.5
Physical-damage,34,44,35.0
Physical-damage,34,45,34.5
Snow-covered,8,0,56.0
Snow-covered,8,1,56.5
Snow-covered,8,2,57.0
Snow-covered,8,3,57.5
Snow-covered,8,4,58.0
Snow-covered,8,5,58.5
Snow-covered,8,6,59.0
Snow-covered,8,7,59.5
Snow-covered,8,8,60.0
Snow-covered,8,9,59.5
Snow-covered,8,10,59.0
Snow-covered,8,11,58.5
Snow-covered,8,12,58.0
Snow-covered,8,13,57.5
Snow-covered,8,14,57.0
Snow-covered,8,15,56.5
Snow-covered,8,16,56.0
Snow-covered,8,17,55.5
Snow-covered,8,18,55.0
Snow-covered,8,19,54.5
Snow-covered,8,20,54.0
Snow-covered,8,21,53.5
Snow-covered,8,22,53.0
Snow-covered,8,23,52.5
Snow-covered,8,24,52.0
Snow-covered,8,25,51.5
Snow-covered,8,26,51.0
Snow-covered,8,27,50.5
Snow-covered,8,28,50.0
Snow-covered,8,29,49.5
Snow-covered,8,30,49.0
Snow-covered,8,31,48.5
Snow-covered,8,32,48.0
Snow-covered,8,33,47.5
Snow-covered,8,34,47.0
Snow-covered,8,35,46.5
Snow-covered,8,36,46.0
Snow-covered,8,37,45.5
Snow-covered,8,38,45.0
Snow-covered,8,39,44.5
Snow-covered,8,40,44.0
Snow-covered,8,41,43.5
Snow-covered,8,42,43.0
Snow-covered,8,43,42.5
Snow-covered,8,44,42.0
Snow-covered,8,45,41.5
Snow-covered,10,0,55.0
Snow-covered,10,1,55.5
Snow-covered,10,2,56.0
Snow-covered,10,3,56.5
Snow-covered,10,4,57.0
Snow-covered,10,5,57.5
Snow-covered,10,6,58.0
Snow-covered,10,7,58.5
Snow-covered,10,8,59.0
Snow-covered,10,9,59.5
Snow-covered,10,10,60.0
Snow-covered,10,11,59.5
Snow-covered,10,12,59.0
Snow-covered,10,13,58.5
Snow-covered,10,14,58.0
Snow-covered,10,15,57.5
Snow-covered,10,16,57.0
Snow-covered,10,17,56.5
Snow-covered,10,18,56.0
Snow-covered,10,19,55.5
Snow-covered,10,20,55.0
Snow-covered,10,21,54.5
Snow-covered,10,22,54.0
Snow-covered,10,23,53.5
Snow-covered,10,24,53.0
Snow-covered,10,25,52.5
Snow-covered,10,26,52.0
Snow-covered,10,27,51.5
Snow-covered,10,28,51.0
Snow-covered,10,29,50.5
Snow-covered,10,30,50.0
Snow-covered,10,31,49.5
Snow-covered,10,32,49.0
Snow-covered,10,33,48.5
Snow-covered,10,34,48.0
Snow-covered,10,35,47.5
Snow-covered,10,36,47.0
Snow-covered,10,37,46.5
Snow-covered,10,38,46.0
Snow-covered,10,39,45.5
Snow-covered,10,40,45.0
Snow-covered,10,41,44.5
Snow-covered,10,42,44.0
Snow-covered,10,43,43.5
Snow-covered,10,44,43.0
Snow-covered,10,45,42.5
Snow-covered,12,0,54.0
Snow-covered,12,1,54.5
Snow-covered,12,2,55.0
Snow-covered,12,3,55.5
Snow-covered,12,4,56.0
Snow-covered,12,5,56.5
Snow-covered,12,6,57.0
Snow-covered,12,7,57.5
Snow-covered,12,8,58.0
Snow-covered,12,9,58.5
Snow-covered,12,10,59.0
Snow-covered,12,11,59.5
Snow-covered,12,12,60.0
Snow-covered,12,13,59.5
Snow-covered,12,14,59.0
Snow-covered,12,15,58.5
Snow-covered,12,16,58.0
Snow-covered,12,17,57.5
Snow-covered,12,18,57.0
Snow-covered,12,19,56.5
Snow-covered,12,20,56.0
Snow-covered,12,21,55.5
Snow-covered,12,22,55.0
Snow-covered,12,23,54.5
Snow-covered,12,24,54.0
Snow-covered,12,25,53.5
Snow-covered,12,26,53.0
Snow-covered,12,27,52.5
Snow-covered,12,28,52.0
Snow-covered,12,29,51.5
Snow-covered,12,30,51.0
Snow-covered,12,31,50.5
Snow-covered,12,32,50.0
Snow-covered,12,33,49.5
Snow-covered,12,34,49.0
Snow-covered,12,35,48.5
Snow-covered,12,36,48.0
Snow-covered,12,37,47.5
Snow-covered,12,38,47.0
Snow-covered,12,39,46.5
Snow-covered,12,40,46.0
Snow-covered,12,41,45.5
Snow-covered,12,42,45.0
Snow-covered,12,43,44.5
Snow-covered,12,44,44.0
Snow-covered,12,45,43.5
Snow-covered,14,0,53.0
Snow-covered,14,1,53.5
Snow-covered,14,2,54.0
Snow-covered,14,3,54.5
Snow-covered,14,4,55.0
Snow-covered,14,5,55.5
Snow-covered,14,6,56.0
Snow-covered,14,7,56.5
Snow-covered,14,8,57.0
Snow-covered,14,9,57.5
Snow-covered,14,10,58.0
Snow-covered,14,11,58.5
Snow-covered,14,12,59.0
Snow-covered,14,13,59.5
Snow-covered,14,14,60.0
Snow-covered,14,15,59.5
Snow-covered,14,16,59.0
Snow-covered,14,17,58.5
Snow-covered,14,18,58.0
Snow-covered,14,19,57.5
Snow-covered,14,20,57.0
Snow-covered,14,21,56.5
Snow-covered,14,22,56.0
Snow-covered,14,23,55.5
Snow-covered,14,24,55.0
Snow-covered,14,25,54.5
Snow-covered,14,26,54.0
Snow-covered,14,27,53.5
Snow-covered,14,28,53.0
Snow-covered,14,29,52.5
Snow-covered,14,30,52.0
Snow-covered,14,31,51.5
Snow-covered,14,32,51.0
Snow-covered,14,33,50.5
Snow-covered,14,34,50.0
Snow-covered,14,35,49.5
Snow-covered,14,36,49.0
Snow-covered,14,37,48.5
Snow-covered,14,38,48.0
Snow-covered,14,39,47.5
Snow-covered,14,40,47.0
Snow-covered,14,41,46.5
Snow-covered,14,42,46.0
Snow-covered,14,43,45.5
Snow-covered,14,44,45.0
Snow-covered,14,45,44.5
Snow-covered,16,0,52.0
Snow-covered,16,1,52.5
Snow-covered,16,2,53.0
Snow-covered,16,3,53.5
Snow-covered,16,4,54.0
Snow-covered,16,5,54.5
Snow-covered,16,6,55.0
Snow-covered,16,7,55.5
Snow-covered,16,8,56.0
Snow-covered,16,9,56.5
Snow-covered,16,10,57.0
Snow-covered,16,11,57.5
Snow-covered,16,12,58.0
Snow-covered,16,13,58.5
Snow-covered,16,14,59.0
Snow-covered,16,15,59.5
Snow-covered,16,16,60.0
Snow-covered,16,17,59.5
Snow-covered,16,18,59.0
Snow-covered,16,19,58.5
Snow-covered,16,20,58.0
Snow-covered,16,21,57.5
Snow-covered,16,22,57.0
Snow-covered,16,23,56.5
Snow-covered,16,24,56.0
Snow-covered,16,25,55.5
Snow-covered,16,26,55.0
Snow-covered,16,27,54.5
Snow-covered,16,28,54.0
Snow-covered,16,29,53.5
Snow-covered,16,30,53.0
Snow-covered,16,31,52.5
Snow-covered,16,32,52.0
Snow-covered,16,33,51.5
Snow-covered,16,34,51.0
Snow-covered,16,35,50.5
Snow-covered,16,36,50.0
Snow-covered,16,37,49.5
Snow-covered,16,38,49.0
Snow-covered,16,39,48.5
Snow-covered,16,40,48.0
Snow-covered,16,41,47.5
Snow-covered,16,42,47.0
Snow-covered,16,43,46.5
Snow-covered,16,44,46.0
Snow-covered,16,45,45.5
Snow-covered,18,0,51.0
Snow-covered,18,1,51.5
Snow-covered,18,2,52.0
Snow-covered,18,3,52.5
Snow-covered,18,4,53.0
Snow-covered,18,5,53.5
Snow-covered,18,6,54.0
Snow-covered,18,7,54.5
Snow-covered,18,8,55.0
Snow-covered,18,9,55.5
Snow-covered,18,10,56.0
Snow-covered,18,11,56.5
Snow-covered,18,12,57.0
Snow-covered,18,13,57.5
Snow-covered,18,14,58.0
Snow-covered,18,15,58.5
Snow-covered,18,16,59.0
Snow-covered,18,17,59.5
Snow-covered,18,18,60.0
Snow-covered,18,19,59.5
Snow-covered,18,20,59.0
Snow-covered,18,21,58.5
Snow-covered,18,22,58.0
Snow-covered,18,23,57.5
Snow-covered,18,24,57.0
Snow-covered,18,25,56.5
Snow-covered,18,26,56.0
Snow-covered,18,27,55.5
Snow-covered,18,28,55.0
Snow-covered,18,29,54.5
Snow-covered,18,30,54.0
Snow-covered,18,31,53.5
Snow-covered,18,32,53.0
Snow-covered,18,33,52.5
Snow-covered,18,34,52.0
Snow-covered,18,35,51.5
Snow-covered,18,36,51.0
Snow-covered,18,37,50.5
Snow-covered,18,38,50.0
Snow-covered,18,39,49.5
Snow-covered,18,40,49.0
Snow-covered,18,41,48.5
Snow-covered,18,42,48.0
Snow-covered,18,43,47.5
Snow-covered,18,44,47.0
Snow-covered,18,45,46.5
Snow-covered,20,0,50.0
Snow-covered,20,1,50.5
Snow-covered,20,2,51.0
Snow-covered,20,3,51.5
Snow-covered,20,4,52.0
Snow-covered,20,5,52.5
Snow-covered,20,6,53.0
Snow-covered,20,7,53.5
Snow-covered,20,8,54.0
Snow-covered,20,9,54.5
Snow-covered,20,10,55.0
Snow-covered,20,11,55.5
Snow-covered,20,12,56.0
Snow-covered,20,13,56.5
Snow-covered,20,14,57.0
Snow-covered,20,15,57.5
Snow-covered,20,16,58.0
Snow-covered,20,17,58.5
Snow-covered,20,18,59.0
Snow-covered,20,19,59.5
Snow-covered,20,20,60.0
Snow-covered,20,21,59.5
Snow-covered,20,22,59.0
Snow-covered,20,23,58.5
Snow-covered,20,24,58.0
Snow-covered,20,25,57.5
Snow-covered,20,26,57.0
Snow-covered,20,27,56.5
Snow-covered,20,28,56.0
Snow-covered,20,29,55.5
Snow-covered,20,30,55.0
Snow-covered,20,31,54.5
Snow-covered,20,32,54.0
Snow-covered,20,33,53.5
Snow-covered,20,34,53.0
Snow-covered,20,35,52.5
Snow-covered,20,36,52.0
Snow-covered,20,37,51.5
Snow-covered,20,38,51.0
Snow-covered,20,39,50.5
Snow-covered,20,40,50.0
Snow-covered,20,41,49.5
Snow-covered,20,42,49.0
Snow-covered,20,43,48.5
Snow-covered,20,44,48.0
Snow-covered,20,45,47.5
Snow-covered,22,0,49.0
Snow-covered,22,1,49.5
Snow-covered,22,2,50.0
Snow-covered,22,3,50.5
Snow-covered,22,4,51.0
Snow-covered,22,5,51.5
Snow-covered,22,6,52.0
Snow-covered,22,7,52.5
Snow-covered,22,8,53.0
Snow-covered,22,9,53.5
Snow-covered,22,10,54.0
Snow-covered,22,11,54.5
Snow-covered,22,12,55.0
Snow-covered,22,13,55.5
Snow-covered,22,14,56.0
Snow-covered,22,15,56.5
Snow-covered,22,16,57.0
Snow-covered,22,17,57.5
Snow-covered,22,18,58.0
Snow-covered,22,19,58.5
Snow-covered,22,20,59.0
Snow-covered,22,21,59.5
Snow-covered,22,22,60.0
Snow-covered,22,23,59.5
Snow-covered,22,24,59.0
Snow-covered,22,25,58.5
Snow-covered,22,26,58.0
Snow-covered,22,27,57.5
Snow-covered,22,28,57.0
Snow-covered,22,29,56.5
Snow-covered,22,30,56.0
Snow-covered,22,31,55.5
Snow-covered,22,32,55.0
Snow-covered,22,33,54.5
Snow-covered,22,34,54.0
Snow-covered,22,35,53.5
Snow-covered,22,36,53.0
Snow-covered,22,37,52.5
Snow-covered,22,38,52.0
Snow-covered,22,39,51.5
Snow-covered,22,40,51.0
Snow-covered,22,41,50.5
Snow-covered,22,42,50.0
Snow-covered,22,43,49.5
Snow-covered,22,44,49.0
Snow-covered,22,45,48.5
Snow-covered,24,0,48.0
Snow-covered,24,1,48.5
Snow-covered,24,2,49.0
Snow-covered,24,3,49.5
Snow-covered,24,4,50.0
Snow-covered,24,5,50.5
Snow-covered,24,6,51.0
Snow-covered,24,7,51.5
Snow-covered,24,8,52.0
Snow-covered,24,9,52.5
Snow-covered,24,10,53.0
Snow-covered,24,11,53.5
Snow-covered,24,12,54.0
Snow-covered,24,13,54.5
Snow-covered,24,14,55.0
Snow-covered,24,15,55.5
Snow-covered,24,16,56.0
Snow-covered,24,17,56.5
Snow-covered,24,18,57.0
Snow-covered,24,19,57.5
Snow-covered,24,20,58.0
Snow-covered,24,21,58.5
Snow-covered,24,22,59.0
Snow-covered,24,23,59.5
Snow-covered,24,24,60.0
Snow-covered,24,25,59.5
Snow-covered,24,26,59.0
Snow-covered,24,27,58.5
Snow-covered,24,28,58.0
Snow-covered,24,29,57.5
Snow-covered,24,30,57.0
Snow-covered,24,31,56.5
Snow-covered,24,32,56.0
Snow-covered,24,33,55.5
Snow-covered,24,34,55.0
Snow-covered,24,35,54.5
Snow-covered,24,36,54.0
Snow-covered,24,37,53.5
Snow-covered,24,38,53.0
Snow-covered,24,39,52.5
Snow-covered,24,40,52.0
Snow-covered,24,41,51.5
Snow-covered,24,42,51.0
Snow-covered,24,43,50.5
Snow-covered,24,44,50.0
Snow-covered,24,45,49.5
Snow-covered,26,0,47.0
Snow-covered,26,1,47.5
Snow-covered,26,2,48.0
Snow-covered,26,3,48.5
Snow-covered,26,4,49.0
Snow-covered,26,5,49.5
Snow-covered,26,6,50.0
Snow-covered,26,7,50.5
Snow-covered,26,8,51.0
Snow-covered,26,9,51.5
Snow-covered,26,10,52.0
Snow-covered,26,11,52.5
Snow-covered,26,12,53.0
Snow-covered,26,13,53.5
Snow-covered,26,14,54.0
Snow-covered,26,15,54.5
Snow-covered,26,16,55.0
Snow-covered,26,17,55.5
Snow-covered,26,18,56.0
Snow-covered,26,19,56.5
Snow-covered,26,20,57.0
Snow-covered,26,21,57.5
Snow-covered,26,22,58.0
Snow-covered,26,23,58.5
Snow-covered,26,24,59.0
Snow-covered,26,25,59.5
Snow-covered,26,26,60.0
Snow-covered,26,27,59.5
Snow-covered,26,28,59.0
Snow-covered,26,29,58.5
Snow-covered,26,30,58.0
Snow-covered,26,31,57.5
Snow-covered,26,32,57.0
Snow-covered,26,33,56.5
Snow-covered,26,34,56.0
Snow-covered,26,35,55.5
Snow-covered,26,36,55.0
Snow-covered,26,37,54.5
Snow-covered,26,38,54.0
Snow-covered,26,39,53.5
Snow-covered,26,40,53.0
Snow-covered,26,41,52.5
Snow-covered,26,42,52.0
Snow-covered,26,43,51.5
Snow-covered,26,44,51.0
Snow-covered,26,45,50.5
Snow-covered,28,0,46.0
Snow-covered,28,1,46.5
Snow-covered,28,2,47.0
Snow-covered,28,3,47.5
Snow-covered,28,4,48.0
Snow-covered,28,5,48.5
Snow-covered,28,6,49.0
Snow-covered,28,7,49.5
Snow-covered,28,8,50.0
Snow-covered,28,9,50.5
Snow-covered,28,10,51.0
Snow-covered,28,11,51.5
Snow-covered,28,12,52.0
Snow-covered,28,13,52.5
Snow-covered,28,14,53.0
Snow-covered,28,15,53.5
Snow-covered,28,16,54.0
Snow-covered,28,17,54.5
Snow-covered,28,18,55.0
Snow-covered,28,19,55.5
Snow-covered,28,20,56.0
Snow-covered,28,21,56.5
Snow-covered,28,22,57.0
Snow-covered,28,23,57.5
Snow-covered,28,24,58.0
Snow-covered,28,25,58.5
Snow-covered,28,26,59.0
Snow-covered,28,27,59.5
Snow-covered,28,28,60.0
Snow-covered,28,29,59.5
Snow-covered,28,30,59.0
Snow-covered,28,31,58.5
Snow-covered,28,32,58.0
Snow-covered,28,33,57.5
Snow-covered,28,34,57.0
Snow-covered,28,35,56.5
Snow-covered,28,36,56.0
Snow-covered,28,37,55.5
Snow-covered,28,38,55.0
Snow-covered,28,39,54.5
Snow-covered,28,40,54.0
Snow-covered,28,41,53.5
Snow-covered,28,42,53.0
Snow-covered,28,43,52.5
Snow-covered,28,44,52.0
Snow-covered,28,45,51.5
Snow-covered,30,0,45.0
Snow-covered,30,1,45.5
Snow-covered,30,2,46.0
Snow-covered,30,3,46.5
Snow-covered,30,4,47.0
Snow-covered,30,5,47.5
Snow-covered,30,6,48.0
Snow-covered,30,7,48.5
Snow-covered,30,8,49.0
Snow-covered,30,9,49.5
Snow-covered,30,10,50.0
Snow-covered,30,11,50.5
Snow-covered,30,12,51.0
Snow-covered,30,13,51.5
Snow-covered,30,14,52.0
Snow-covered,30,15,52.5
Snow-covered,30,16,53.0
Snow-covered,30,17,53.5
Snow-covered,30,18,54.0
Snow-covered,30,19,54.5
Snow-covered,30,20,55.0
Snow-covered,30,21,55.5
Snow-covered,30,22,56.0
Snow-covered,30,23,56.5
Snow-covered,30,24,57.0
Snow-covered,30,25,57.5
Snow-covered,30,26,58.0
Snow-covered,30,27,58.5
Snow-covered,30,28,59.0
Snow-covered,30,29,59.5
Snow-covered,30,30,60.0
Snow-covered,30,31,59.5
Snow-covered,30,32,59.0
Snow-covered,30,33,58.5
Snow-covered,30,34,58.0
Snow-covered,30,35,57.5
Snow-covered,30,36,57.0
Snow-covered,30,37,56.5
Snow-covered,30,38,56.0
Snow-covered,30,39,55.5
Snow-covered,30,40,55.0
Snow-covered,30,41,54.5
Snow-covered,30,42,54.0
Snow-covered,30,43,53.5
Snow-covered,30,44,53.0
Snow-covered,30,45,52.5
Snow-covered,32,0,44.0
Snow-covered,32,1,44.5
Snow-covered,32,2,45.0
Snow-covered,32,3,45.5
Snow-covered,32,4,46.0
Snow-covered,32,5,46.5
Snow-covered,32,6,47.0
Snow-covered,32,7,47.5
Snow-covered,32,8,48.0
Snow-covered,32,9,48.5
Snow-covered,32,10,49.0
Snow-covered,32,11,49.5
Snow-covered,32,12,50.0
Snow-covered,32,13,50.5
Snow-covered,32,14,51.0
Snow-covered,32,15,51.5
Snow-covered,32,16,52.0
Snow-covered,32,17,52.5
Snow-covered,32,18,53.0
Snow-covered,32,19,53.5
Snow-covered,32,20,54.0
Snow-covered,32,21,54.5
Snow-covered,32,22,55.0
Snow-covered,32,23,55.5
Snow-covered,32,24,56.0
Snow-covered,32,25,56.5
Snow-covered,32,26,57.0
Snow-covered,32,27,57.5
Snow-covered,32,28,58.0
Snow-covered,32,29,58.5
Snow-covered,32,30,59.0
Snow-covered,32,31,59.5
Snow-covered,32,32,60.0
Snow-covered,32,33,59.5
Snow-covered,32,34,59.0
Snow-covered,32,35,58.5
Snow-covered,32,36,58.0
Snow-covered,32,37,57.5
Snow-covered,32,38,57.0
Snow-covered,32,39,56.5
Snow-covered,32,40,56.0
Snow-covered,32,41,55.5
Snow-covered,32,42,55.0
Snow-covered,32,43,54.5
Snow-covered,32,44,54.0
Snow-covered,32,45,53.5
Snow-covered,34,0,43.0
Snow-covered,34,1,43.5
Snow-covered,34,2,44.0
Snow-covered,34,3,44.5
Snow-covered,34,4,45.0
Snow-covered,34,5,45.5
Snow-covered,34,6,46.0
Snow-covered,34,7,46.5
Snow-covered,34,8,47.0
Snow-covered,34,9,47.5
Snow-covered,34,10,48.0
Snow-covered,34,11,48.5
Snow-covered,34,12,49.0
Snow-covered,34,13,49.5
Snow-covered,34,14,50.0
Snow-covered,34,15,50.5
Snow-covered,34,16,51.0
Snow-covered,34,17,51.5
Snow-covered,34,18,52.0
Snow-covered,34,19,52.5
Snow-covered,34,20,53.0
Snow-covered,34,21,53.5
Snow-covered,34,22,54.0
Snow-covered,34,23,54.5
Snow-covered,34,24,55.0
Snow-covered,34,25,55.5
Snow-covered,34,26,56.0
Snow-covered,34,27,56.5
Snow-covered,34,28,57.0
Snow-covered,34,29,57.5
Snow-covered,34,30,58.0
Snow-covered,34,31,58.5
Snow-covered,34,32,59.0
Snow-covered,34,33,59.5
Snow-covered,34,34,60.0
Snow-covered,34,35,59.5
Snow-covered,34,36,59.0
Snow-covered,34,37,58.5
Snow-covered,34,38,58.0
Snow-covered,34,39,57.5
Snow-covered,34,40,57.0
Snow-covered,34,41,56.5
Snow-covered,34,42,56.0
Snow-covered,34,43,55.5
Snow-covered,34,44,55.0
Snow-covered,34,45,54.5
